timestamp,waiting_time,queue_length,travel_time
2025-04-10 18:53:21,0.0,0,0.0
2025-04-10 18:53:21,0.0,0,0.0
2025-04-10 18:53:21,0.0,0,0.0
2025-04-10 18:53:21,0.0,0,0.0
2025-04-10 18:53:21,0.0,0,0.0
2025-04-10 18:53:21,0.0,0,0.0
2025-04-10 18:53:21,0.0,0,0.0
2025-04-10 18:53:21,0.0,1,0.0
2025-04-10 18:53:21,0.0,0,0.0
2025-04-10 18:53:21,0.0,0,0.0
2025-04-10 18:53:21,0.0,0,0.0
2025-04-10 18:53:21,0.0,0,0.0
2025-04-10 18:53:21,0.0,0,0.0
2025-04-10 18:53:21,0.0,1,0.0
2025-04-10 18:53:21,0.0,1,0.0
2025-04-10 18:53:22,0.0,0,0.0
2025-04-10 18:53:22,0.0,0,0.0
2025-04-10 18:53:22,0.0,1,0.0
2025-04-10 18:53:22,0.0,0,0.0
2025-04-10 18:53:22,0.0,0,0.0
2025-04-10 18:53:22,0.0,0,0.0
2025-04-10 18:53:22,0.0,1,0.0
2025-04-10 18:53:22,0.0,0,0.0
2025-04-10 18:53:22,0.0,0,0.0
2025-04-10 18:53:22,0.0,1,0.0
2025-04-10 18:53:22,0.0,0,0.0
2025-04-10 18:53:22,0.0,0,13.0
2025-04-10 18:53:22,0.16666666666666666,2,13.0
2025-04-10 18:53:22,0.2857142857142857,2,13.0
2025-04-10 18:53:22,0.375,2,13.0
2025-04-10 18:53:22,0.5,1,13.0
2025-04-10 18:53:22,0.625,1,13.0
2025-04-10 18:53:22,0.0,0,13.0
2025-04-10 18:53:22,0.0,0,13.0
2025-04-10 18:53:22,0.0,0,13.0
2025-04-10 18:53:22,0.0,0,13.0
2025-04-10 18:53:22,0.125,1,13.0
2025-04-10 18:53:22,0.25,1,13.0
2025-04-10 18:53:22,0.375,1,13.0
2025-04-10 18:53:22,0.4444444444444444,2,13.0
2025-04-10 18:53:22,0.5555555555555556,1,13.0
2025-04-10 18:53:22,0.75,1,23.5
2025-04-10 18:53:22,0.875,1,23.5
2025-04-10 18:53:22,1.0,1,23.5
2025-04-10 18:53:22,1.125,1,23.5
2025-04-10 18:53:22,1.25,1,23.5
2025-04-10 18:53:22,1.5,2,23.5
2025-04-10 18:53:22,1.75,2,23.5
2025-04-10 18:53:22,2.0,2,23.5
2025-04-10 18:53:22,2.25,2,23.5
2025-04-10 18:53:22,2.2222222222222223,3,23.5
2025-04-10 18:53:22,2.2,3,23.5
2025-04-10 18:53:22,2.1818181818181817,3,23.5
2025-04-10 18:53:22,2.1666666666666665,3,23.5
2025-04-10 18:53:22,2.5454545454545454,2,28.0
2025-04-10 18:53:22,2.727272727272727,3,25.0
2025-04-10 18:53:22,2.909090909090909,2,25.0
2025-04-10 18:53:22,3.090909090909091,2,25.0
2025-04-10 18:53:22,3.272727272727273,2,25.0
2025-04-10 18:53:22,3.4545454545454546,2,25.0
2025-04-10 18:53:22,3.3333333333333335,3,25.0
2025-04-10 18:53:22,3.230769230769231,3,25.0
2025-04-10 18:53:22,3.3846153846153846,2,25.0
2025-04-10 18:53:22,3.2857142857142856,3,25.0
2025-04-10 18:53:22,3.5,3,25.0
2025-04-10 18:53:22,3.533333333333333,5,25.0
2025-04-10 18:53:22,3.5625,5,25.0
2025-04-10 18:53:22,3.875,5,25.0
2025-04-10 18:53:22,4.6,7,23.0
2025-04-10 18:53:22,4.75,8,23.0
2025-04-10 18:53:22,3.625,6,23.0
2025-04-10 18:53:22,3.764705882352941,7,23.0
2025-04-10 18:53:23,4.176470588235294,7,23.0
2025-04-10 18:53:23,4.875,7,22.166666666666668
2025-04-10 18:53:23,5.0,8,22.166666666666668
2025-04-10 18:53:23,5.411764705882353,7,22.166666666666668
2025-04-10 18:53:23,5.823529411764706,7,22.166666666666668
2025-04-10 18:53:23,6.6875,8,22.571428571428573
2025-04-10 18:53:23,7.1875,8,22.571428571428573
2025-04-10 18:53:23,7.235294117647059,9,22.571428571428573
2025-04-10 18:53:23,8.1875,8,21.875
2025-04-10 18:53:23,8.6875,8,21.875
2025-04-10 18:53:23,8.647058823529411,9,21.875
2025-04-10 18:53:23,9.6875,8,25.666666666666668
2025-04-10 18:53:23,12.538461538461538,8,22.75
2025-04-10 18:53:23,13.153846153846153,8,22.75
2025-04-10 18:53:23,15.0,9,21.53846153846154
2025-04-10 18:53:23,15.75,9,21.53846153846154
2025-04-10 18:53:23,16.5,9,21.53846153846154
2025-04-10 18:53:23,15.416666666666666,8,21.53846153846154
2025-04-10 18:53:23,15.666666666666666,7,21.53846153846154
2025-04-10 18:53:23,16.25,7,21.53846153846154
2025-04-10 18:53:23,16.833333333333332,7,21.53846153846154
2025-04-10 18:53:23,16.076923076923077,8,21.53846153846154
2025-04-10 18:53:23,15.428571428571429,8,21.53846153846154
2025-04-10 18:53:23,15.928571428571429,7,21.53846153846154
2025-04-10 18:53:23,16.428571428571427,7,21.53846153846154
2025-04-10 18:53:23,16.928571428571427,7,21.53846153846154
2025-04-10 18:53:23,17.428571428571427,7,21.53846153846154
2025-04-10 18:53:23,17.928571428571427,7,21.53846153846154
2025-04-10 18:53:23,19.846153846153847,7,22.785714285714285
2025-04-10 18:53:23,18.928571428571427,8,22.785714285714285
2025-04-10 18:53:23,19.428571428571427,7,22.785714285714285
2025-04-10 18:53:23,18.6,8,22.785714285714285
2025-04-10 18:53:23,17.875,8,22.785714285714285
2025-04-10 18:53:23,18.3125,7,22.785714285714285
2025-04-10 18:53:23,18.75,7,22.785714285714285
2025-04-10 18:53:23,19.1875,7,22.785714285714285
2025-04-10 18:53:23,17.0,6,22.785714285714285
2025-04-10 18:53:23,17.375,6,22.785714285714285
2025-04-10 18:53:23,19.0,7,24.6
2025-04-10 18:53:23,19.533333333333335,8,24.6
2025-04-10 18:53:23,20.066666666666666,8,24.6
2025-04-10 18:53:23,20.6,9,27.0
2025-04-10 18:53:23,21.133333333333333,8,27.0
2025-04-10 18:53:23,21.733333333333334,9,27.0
2025-04-10 18:53:23,22.333333333333332,9,27.0
2025-04-10 18:53:23,21.5,10,27.0
2025-04-10 18:53:23,22.0625,10,26.294117647058822
2025-04-10 18:53:23,22.625,9,26.294117647058822
2025-04-10 18:53:23,23.1875,9,26.294117647058822
2025-04-10 18:53:23,23.75,9,26.294117647058822
2025-04-10 18:53:23,24.3125,9,26.294117647058822
2025-04-10 18:53:23,24.875,9,26.294117647058822
2025-04-10 18:53:23,18.705882352941178,9,26.294117647058822
2025-04-10 18:53:23,15.588235294117647,7,26.294117647058822
2025-04-10 18:53:23,15.294117647058824,6,26.294117647058822
2025-04-10 18:53:23,14.777777777777779,7,26.294117647058822
2025-04-10 18:53:23,15.11111111111111,6,26.294117647058822
2025-04-10 18:53:23,15.444444444444445,6,26.294117647058822
2025-04-10 18:53:23,14.947368421052632,7,26.294117647058822
2025-04-10 18:53:23,15.263157894736842,6,26.294117647058822
2025-04-10 18:53:23,16.444444444444443,6,27.0
2025-04-10 18:53:23,17.764705882352942,6,25.894736842105264
2025-04-10 18:53:23,18.11764705882353,6,25.894736842105264
2025-04-10 18:53:23,18.470588235294116,6,25.894736842105264
2025-04-10 18:53:23,18.823529411764707,6,25.894736842105264
2025-04-10 18:53:23,18.11111111111111,7,25.894736842105264
2025-04-10 18:53:23,19.529411764705884,6,26.45
2025-04-10 18:53:23,18.833333333333332,8,26.45
2025-04-10 18:53:23,15.705882352941176,5,26.476190476190474
2025-04-10 18:53:23,11.705882352941176,5,26.476190476190474
2025-04-10 18:53:23,7.823529411764706,4,26.476190476190474
2025-04-10 18:53:23,4.117647058823529,3,26.476190476190474
2025-04-10 18:53:23,2.4375,2,29.5
2025-04-10 18:53:23,2.7333333333333334,2,31.52173913043478
2025-04-10 18:53:23,2.8666666666666667,2,31.52173913043478
2025-04-10 18:53:23,3.2142857142857144,2,30.625
2025-04-10 18:53:23,3.6153846153846154,2,34.16
2025-04-10 18:53:23,3.769230769230769,2,34.16
2025-04-10 18:53:23,3.923076923076923,2,34.16
2025-04-10 18:53:23,4.153846153846154,3,34.16
2025-04-10 18:53:23,4.384615384615385,3,34.16
2025-04-10 18:53:23,5.0,3,37.80769230769231
2025-04-10 18:53:23,6.3,3,44.607142857142854
2025-04-10 18:53:23,6.0,4,44.607142857142854
2025-04-10 18:53:23,6.9,3,45.62068965517241
2025-04-10 18:53:23,7.2,3,45.62068965517241
2025-04-10 18:53:23,7.5,3,45.62068965517241
2025-04-10 18:53:23,7.8,3,45.62068965517241
2025-04-10 18:53:23,7.363636363636363,4,45.62068965517241
2025-04-10 18:53:23,7.636363636363637,3,45.62068965517241
2025-04-10 18:53:23,7.25,4,45.62068965517241
2025-04-10 18:53:23,7.5,4,45.6
2025-04-10 18:53:23,8.454545454545455,3,45.225806451612904
2025-04-10 18:53:23,8.727272727272727,3,45.225806451612904
2025-04-10 18:53:23,9.9,3,44.15625
2025-04-10 18:53:23,10.2,4,44.72727272727273
2025-04-10 18:53:23,10.5,3,44.72727272727273
2025-04-10 18:53:23,10.9,4,44.72727272727273
2025-04-10 18:53:23,11.3,4,44.72727272727273
2025-04-10 18:53:23,11.7,4,44.72727272727273
2025-04-10 18:53:23,12.1,4,44.72727272727273
2025-04-10 18:53:23,12.5,4,44.72727272727273
2025-04-10 18:53:23,12.9,4,44.72727272727273
2025-04-10 18:53:23,13.3,4,44.72727272727273
2025-04-10 18:53:23,13.7,5,47.970588235294116
2025-04-10 18:53:23,14.1,4,47.970588235294116
2025-04-10 18:53:23,7.6,3,47.970588235294116
2025-04-10 18:53:23,4.545454545454546,3,47.970588235294116
2025-04-10 18:53:23,4.0,1,47.08571428571429
2025-04-10 18:53:23,4.1,1,47.08571428571429
2025-04-10 18:53:23,4.2,1,47.08571428571429
2025-04-10 18:53:23,4.777777777777778,1,49.02777777777778
2025-04-10 18:53:23,4.888888888888889,1,49.02777777777778
2025-04-10 18:53:23,5.0,1,49.02777777777778
2025-04-10 18:53:23,5.111111111111111,1,49.02777777777778
2025-04-10 18:53:23,5.222222222222222,1,49.02777777777778
2025-04-10 18:53:23,5.333333333333333,1,49.02777777777778
2025-04-10 18:53:23,5.444444444444445,1,49.02777777777778
2025-04-10 18:53:23,5.666666666666667,2,49.02777777777778
2025-04-10 18:53:23,5.888888888888889,2,49.02777777777778
2025-04-10 18:53:23,6.222222222222222,3,49.02777777777778
2025-04-10 18:53:23,6.555555555555555,3,49.02777777777778
2025-04-10 18:53:23,6.888888888888889,3,49.02777777777778
2025-04-10 18:53:23,5.9,3,49.02777777777778
2025-04-10 18:53:23,6.777777777777778,2,49.24324324324324
2025-04-10 18:53:23,7.0,2,49.24324324324324
2025-04-10 18:53:23,7.333333333333333,4,48.76315789473684
2025-04-10 18:53:23,6.9,4,48.76315789473684
2025-04-10 18:53:23,7.2,3,48.76315789473684
2025-04-10 18:53:23,7.5,3,48.76315789473684
2025-04-10 18:53:23,8.666666666666666,3,48.1025641025641
2025-04-10 18:53:23,10.125,3,47.025
2025-04-10 18:53:23,10.5,3,47.025
2025-04-10 18:53:23,10.875,3,47.025
2025-04-10 18:53:23,12.857142857142858,3,48.609756097560975
2025-04-10 18:53:23,15.5,3,49.595238095238095
2025-04-10 18:53:23,13.714285714285714,4,49.595238095238095
2025-04-10 18:53:23,12.375,4,49.595238095238095
2025-04-10 18:53:23,12.75,3,49.595238095238095
2025-04-10 18:53:23,11.666666666666666,4,49.595238095238095
2025-04-10 18:53:23,12.0,3,49.595238095238095
2025-04-10 18:53:23,12.333333333333334,3,49.595238095238095
2025-04-10 18:53:23,14.25,3,48.883720930232556
2025-04-10 18:53:23,13.0,4,48.883720930232556
2025-04-10 18:53:23,9.6,4,48.883720930232556
2025-04-10 18:53:23,9.0,4,48.883720930232556
2025-04-10 18:53:23,10.2,3,47.84090909090909
2025-04-10 18:53:23,10.5,3,47.84090909090909
2025-04-10 18:53:23,10.8,3,47.84090909090909
2025-04-10 18:53:23,11.1,3,47.84090909090909
2025-04-10 18:53:23,11.4,3,47.84090909090909
2025-04-10 18:53:23,11.7,3,47.84090909090909
2025-04-10 18:53:23,10.909090909090908,4,47.84090909090909
2025-04-10 18:53:23,10.25,4,47.84090909090909
2025-04-10 18:53:23,10.5,3,47.84090909090909
2025-04-10 18:53:23,9.923076923076923,4,47.84090909090909
2025-04-10 18:53:23,10.153846153846153,3,47.84090909090909
2025-04-10 18:53:23,11.25,3,48.266666666666666
2025-04-10 18:53:23,10.615384615384615,4,48.266666666666666
2025-04-10 18:53:23,10.846153846153847,3,48.266666666666666
2025-04-10 18:53:23,4.0,2,48.266666666666666
2025-04-10 18:53:23,4.230769230769231,3,48.266666666666666
2025-04-10 18:53:23,4.461538461538462,3,48.266666666666666
2025-04-10 18:53:23,4.6923076923076925,3,48.266666666666666
2025-04-10 18:53:23,4.923076923076923,3,48.266666666666666
2025-04-10 18:53:23,5.153846153846154,3,48.266666666666666
2025-04-10 18:53:23,5.384615384615385,3,48.266666666666666
2025-04-10 18:53:23,5.214285714285714,4,48.266666666666666
2025-04-10 18:53:23,5.133333333333334,5,48.266666666666666
2025-04-10 18:53:23,5.0625,5,48.266666666666666
2025-04-10 18:53:23,5.3125,4,48.266666666666666
2025-04-10 18:53:23,5.235294117647059,5,48.266666666666666
2025-04-10 18:53:23,5.470588235294118,4,48.266666666666666
2025-04-10 18:53:23,5.705882352941177,4,48.266666666666666
2025-04-10 18:53:23,5.9411764705882355,4,48.266666666666666
2025-04-10 18:53:23,6.176470588235294,4,48.266666666666666
2025-04-10 18:53:23,5.470588235294118,3,48.266666666666666
2025-04-10 18:53:23,4.777777777777778,3,48.266666666666666
2025-04-10 18:53:23,4.684210526315789,4,48.266666666666666
2025-04-10 18:53:23,4.842105263157895,3,48.266666666666666
2025-04-10 18:53:23,5.052631578947368,4,48.266666666666666
2025-04-10 18:53:23,5.0,5,48.266666666666666
2025-04-10 18:53:23,5.2,4,48.266666666666666
2025-04-10 18:53:23,5.4,4,48.266666666666666
2025-04-10 18:53:23,5.6,4,48.266666666666666
2025-04-10 18:53:23,5.85,5,48.266666666666666
2025-04-10 18:53:23,6.1,5,48.266666666666666
2025-04-10 18:53:23,6.35,5,48.266666666666666
2025-04-10 18:53:23,7.0,6,50.17391304347826
2025-04-10 18:53:24,7.315789473684211,6,50.17391304347826
2025-04-10 18:53:24,7.25,7,50.17391304347826
2025-04-10 18:53:24,7.55,6,50.17391304347826
2025-04-10 18:53:24,7.476190476190476,7,50.17391304347826
2025-04-10 18:53:24,7.809523809523809,7,50.17391304347826
2025-04-10 18:53:24,8.55,7,49.93617021276596
2025-04-10 18:53:24,8.9,7,49.93617021276596
2025-04-10 18:53:24,8.80952380952381,8,49.93617021276596
2025-04-10 18:53:24,9.19047619047619,8,49.93617021276596
2025-04-10 18:53:24,10.578947368421053,8,49.44897959183673
2025-04-10 18:53:24,11.052631578947368,9,49.44897959183673
2025-04-10 18:53:24,11.526315789473685,9,49.44897959183673
2025-04-10 18:53:24,12.0,9,49.44897959183673
2025-04-10 18:53:24,13.222222222222221,10,49.62
2025-04-10 18:53:24,13.777777777777779,10,49.62
2025-04-10 18:53:24,14.333333333333334,10,49.62
2025-04-10 18:53:24,14.105263157894736,11,49.62
2025-04-10 18:53:24,14.631578947368421,10,49.62
2025-04-10 18:53:24,16.0,10,49.23529411764706
2025-04-10 18:53:24,16.61111111111111,11,49.23529411764706
2025-04-10 18:53:24,17.22222222222222,11,49.23529411764706
2025-04-10 18:53:24,16.894736842105264,12,49.23529411764706
2025-04-10 18:53:24,17.526315789473685,12,49.23529411764706
2025-04-10 18:53:24,18.157894736842106,12,49.23529411764706
2025-04-10 18:53:24,19.833333333333332,12,49.75
2025-04-10 18:53:24,20.5,12,49.75
2025-04-10 18:53:24,20.05263157894737,13,49.75
2025-04-10 18:53:24,21.833333333333332,12,49.471698113207545
2025-04-10 18:53:24,17.444444444444443,12,49.471698113207545
2025-04-10 18:53:24,13.944444444444445,11,49.471698113207545
2025-04-10 18:53:24,12.222222222222221,10,49.471698113207545
2025-04-10 18:53:24,9.947368421052632,10,49.471698113207545
2025-04-10 18:53:24,8.473684210526315,8,49.471698113207545
2025-04-10 18:53:24,8.105263157894736,7,49.471698113207545
2025-04-10 18:53:24,8.555555555555555,6,51.05555555555556
2025-04-10 18:53:24,8.88888888888889,6,51.05555555555556
2025-04-10 18:53:24,9.222222222222221,6,51.05555555555556
2025-04-10 18:53:24,9.555555555555555,6,51.05555555555556
2025-04-10 18:53:24,9.88888888888889,6,51.05555555555556
2025-04-10 18:53:24,9.736842105263158,8,51.05555555555556
2025-04-10 18:53:24,10.105263157894736,7,51.05555555555556
2025-04-10 18:53:24,10.473684210526315,7,51.05555555555556
2025-04-10 18:53:24,10.842105263157896,7,51.05555555555556
2025-04-10 18:53:24,11.210526315789474,7,51.05555555555556
2025-04-10 18:53:24,11.631578947368421,8,51.05555555555556
2025-04-10 18:53:24,12.052631578947368,8,51.05555555555556
2025-04-10 18:53:24,12.473684210526315,8,51.05555555555556
2025-04-10 18:53:24,12.947368421052632,9,51.05555555555556
2025-04-10 18:53:24,11.263157894736842,8,51.05555555555556
2025-04-10 18:53:24,9.1,8,51.05555555555556
2025-04-10 18:53:24,7.190476190476191,7,51.05555555555556
2025-04-10 18:53:24,7.476190476190476,6,51.05555555555556
2025-04-10 18:53:24,8.15,6,51.872727272727275
2025-04-10 18:53:24,8.047619047619047,7,51.872727272727275
2025-04-10 18:53:24,8.333333333333334,6,51.872727272727275
2025-04-10 18:53:24,8.619047619047619,6,51.872727272727275
2025-04-10 18:53:24,8.904761904761905,6,51.872727272727275
2025-04-10 18:53:24,9.238095238095237,7,51.872727272727275
2025-04-10 18:53:24,9.571428571428571,7,51.872727272727275
2025-04-10 18:53:24,10.4,7,53.517857142857146
2025-04-10 18:53:24,10.75,7,53.517857142857146
2025-04-10 18:53:24,11.68421052631579,7,53.63157894736842
2025-04-10 18:53:24,12.052631578947368,7,53.63157894736842
2025-04-10 18:53:24,12.421052631578947,8,53.258620689655174
2025-04-10 18:53:24,12.15,8,53.258620689655174
2025-04-10 18:53:24,11.904761904761905,8,53.258620689655174
2025-04-10 18:53:24,12.85,7,54.3728813559322
2025-04-10 18:53:24,10.263157894736842,6,55.61666666666667
2025-04-10 18:53:24,7.157894736842105,5,55.61666666666667
2025-04-10 18:53:24,4.894736842105263,5,56.01639344262295
2025-04-10 18:53:24,5.105263157894737,4,56.01639344262295
2025-04-10 18:53:24,5.05,5,56.01639344262295
2025-04-10 18:53:24,5.526315789473684,4,56.62903225806452
2025-04-10 18:53:24,5.7368421052631575,4,56.62903225806452
2025-04-10 18:53:24,5.947368421052632,4,56.62903225806452
2025-04-10 18:53:24,5.85,5,56.62903225806452
2025-04-10 18:53:24,5.809523809523809,6,56.62903225806452
2025-04-10 18:53:24,6.25,4,56.61904761904762
2025-04-10 18:53:24,6.7894736842105265,4,56.703125
2025-04-10 18:53:24,7.388888888888889,4,57.52307692307692
2025-04-10 18:53:24,7.611111111111111,4,57.52307692307692
2025-04-10 18:53:24,8.352941176470589,5,58.42424242424242
2025-04-10 18:53:24,8.647058823529411,5,58.42424242424242
2025-04-10 18:53:24,6.294117647058823,4,58.42424242424242
2025-04-10 18:53:24,6.529411764705882,4,58.42424242424242
2025-04-10 18:53:24,7.1875,4,57.791044776119406
2025-04-10 18:53:24,7.4375,4,57.791044776119406
2025-04-10 18:53:24,8.785714285714286,4,59.65217391304348
2025-04-10 18:53:24,9.071428571428571,4,59.65217391304348
2025-04-10 18:53:24,9.357142857142858,4,59.65217391304348
2025-04-10 18:53:24,9.642857142857142,4,59.65217391304348
2025-04-10 18:53:24,9.928571428571429,4,59.65217391304348
2025-04-10 18:53:24,10.285714285714286,5,59.65217391304348
2025-04-10 18:53:24,10.0,7,59.65217391304348
2025-04-10 18:53:24,9.75,7,59.65217391304348
2025-04-10 18:53:24,9.529411764705882,7,59.65217391304348
2025-04-10 18:53:24,9.882352941176471,6,59.65217391304348
2025-04-10 18:53:24,10.294117647058824,7,59.65217391304348
2025-04-10 18:53:24,10.705882352941176,7,59.65217391304348
2025-04-10 18:53:24,7.823529411764706,6,59.65217391304348
2025-04-10 18:53:24,7.764705882352941,6,59.65217391304348
2025-04-10 18:53:24,8.117647058823529,6,59.65217391304348
2025-04-10 18:53:24,8.0,7,59.65217391304348
2025-04-10 18:53:24,7.894736842105263,7,59.65217391304348
2025-04-10 18:53:24,8.210526315789474,6,59.65217391304348
2025-04-10 18:53:24,8.578947368421053,7,59.65217391304348
2025-04-10 18:53:24,8.947368421052632,7,59.65217391304348
2025-04-10 18:53:24,9.368421052631579,8,59.65217391304348
2025-04-10 18:53:24,9.2,8,59.65217391304348
2025-04-10 18:53:24,9.095238095238095,8,59.65217391304348
2025-04-10 18:53:24,9.476190476190476,8,59.65217391304348
2025-04-10 18:53:24,10.35,9,59.46478873239437
2025-04-10 18:53:24,10.75,8,59.46478873239437
2025-04-10 18:53:24,11.736842105263158,8,60.111111111111114
2025-04-10 18:53:24,11.55,9,60.111111111111114
2025-04-10 18:53:24,11.95,8,60.111111111111114
2025-04-10 18:53:24,13.722222222222221,8,60.2972972972973
2025-04-10 18:53:24,14.166666666666666,8,60.2972972972973
2025-04-10 18:53:24,14.61111111111111,9,60.12
2025-04-10 18:53:24,15.055555555555555,8,60.12
2025-04-10 18:53:24,15.5,8,60.12
2025-04-10 18:53:24,15.944444444444445,8,60.12
2025-04-10 18:53:24,16.38888888888889,8,60.12
2025-04-10 18:53:24,16.833333333333332,8,60.12
2025-04-10 18:53:24,17.27777777777778,8,60.12
2025-04-10 18:53:24,17.77777777777778,9,60.12
2025-04-10 18:53:24,18.27777777777778,9,60.12
2025-04-10 18:53:24,18.833333333333332,10,60.12
2025-04-10 18:53:24,18.36842105263158,11,60.12
2025-04-10 18:53:24,19.944444444444443,10,59.60526315789474
2025-04-10 18:53:24,20.5,10,59.60526315789474
2025-04-10 18:53:24,21.055555555555557,10,59.60526315789474
2025-04-10 18:53:24,21.61111111111111,10,59.60526315789474
2025-04-10 18:53:24,22.166666666666668,10,59.60526315789474
2025-04-10 18:53:24,22.72222222222222,10,59.60526315789474
2025-04-10 18:53:24,23.27777777777778,11,59.74025974025974
2025-04-10 18:53:24,23.833333333333332,10,59.74025974025974
2025-04-10 18:53:24,24.38888888888889,10,59.74025974025974
2025-04-10 18:53:24,18.789473684210527,10,59.74025974025974
2025-04-10 18:53:24,14.947368421052632,9,59.74025974025974
2025-04-10 18:53:24,12.842105263157896,8,59.74025974025974
2025-04-10 18:53:24,10.35,8,59.74025974025974
2025-04-10 18:53:24,8.8,6,59.74025974025974
2025-04-10 18:53:24,7.0476190476190474,6,59.74025974025974
2025-04-10 18:53:24,7.285714285714286,5,59.74025974025974
2025-04-10 18:53:24,7.2272727272727275,7,59.74025974025974
2025-04-10 18:53:24,6.590909090909091,5,59.74025974025974
2025-04-10 18:53:24,7.5,5,60.88607594936709
2025-04-10 18:53:24,7.75,5,60.88607594936709
2025-04-10 18:53:25,8.0,5,60.88607594936709
2025-04-10 18:53:25,8.25,5,60.88607594936709
2025-04-10 18:53:25,8.55,6,60.88607594936709
2025-04-10 18:53:25,8.75,5,60.88607594936709
2025-04-10 18:53:25,9.0,5,60.88607594936709
2025-04-10 18:53:25,8.80952380952381,6,60.88607594936709
2025-04-10 18:53:25,8.636363636363637,6,60.88607594936709
2025-04-10 18:53:25,8.954545454545455,7,60.88607594936709
2025-04-10 18:53:25,9.272727272727273,7,60.88607594936709
2025-04-10 18:53:25,11.105263157894736,7,61.86585365853659
2025-04-10 18:53:25,7.315789473684211,6,61.86585365853659
2025-04-10 18:53:25,7.631578947368421,6,61.86585365853659
2025-04-10 18:53:25,7.55,7,61.86585365853659
2025-04-10 18:53:25,7.85,6,61.86585365853659
2025-04-10 18:53:25,8.15,6,61.86585365853659
2025-04-10 18:53:25,8.45,6,61.86585365853659
2025-04-10 18:53:25,8.75,6,61.86585365853659
2025-04-10 18:53:25,9.05,6,61.86585365853659
2025-04-10 18:53:25,9.842105263157896,6,62.66265060240964
2025-04-10 18:53:25,10.722222222222221,6,62.392857142857146
2025-04-10 18:53:25,10.526315789473685,8,62.392857142857146
2025-04-10 18:53:25,10.894736842105264,7,62.392857142857146
2025-04-10 18:53:25,11.263157894736842,7,62.392857142857146
2025-04-10 18:53:25,11.1,9,62.392857142857146
2025-04-10 18:53:25,12.105263157894736,8,62.811764705882354
2025-04-10 18:53:25,12.526315789473685,8,62.811764705882354
2025-04-10 18:53:25,12.947368421052632,8,62.811764705882354
2025-04-10 18:53:25,13.368421052631579,8,62.811764705882354
2025-04-10 18:53:25,13.789473684210526,8,62.811764705882354
2025-04-10 18:53:25,12.0,7,62.58139534883721
2025-04-10 18:53:25,11.736842105263158,8,62.58139534883721
2025-04-10 18:53:25,12.105263157894736,7,62.58139534883721
2025-04-10 18:53:25,12.526315789473685,8,62.58139534883721
2025-04-10 18:53:25,13.0,9,62.58139534883721
2025-04-10 18:53:25,13.473684210526315,9,62.58139534883721
2025-04-10 18:53:25,13.947368421052632,9,62.58139534883721
2025-04-10 18:53:25,14.421052631578947,9,62.58139534883721
2025-04-10 18:53:25,15.777777777777779,10,62.14942528735632
2025-04-10 18:53:25,16.333333333333332,10,62.14942528735632
2025-04-10 18:53:25,16.88888888888889,10,62.14942528735632
2025-04-10 18:53:25,17.444444444444443,10,62.14942528735632
2025-04-10 18:53:25,17.05263157894737,11,62.14942528735632
2025-04-10 18:53:25,16.7,11,62.14942528735632
2025-04-10 18:53:25,16.38095238095238,11,62.14942528735632
2025-04-10 18:53:25,16.857142857142858,10,62.14942528735632
2025-04-10 18:53:25,12.80952380952381,9,62.14942528735632
2025-04-10 18:53:25,11.333333333333334,9,62.48863636363637
2025-04-10 18:53:25,10.523809523809524,7,62.48863636363637
2025-04-10 18:53:25,10.047619047619047,6,62.48863636363637
2025-04-10 18:53:25,9.761904761904763,7,62.95505617977528
2025-04-10 18:53:25,10.0,6,62.95505617977528
2025-04-10 18:53:25,10.285714285714286,6,62.95505617977528
2025-04-10 18:53:25,11.1,6,63.94444444444444
2025-04-10 18:53:25,11.2,5,63.94444444444444
2025-04-10 18:53:25,11.45,5,63.94444444444444
2025-04-10 18:53:25,11.142857142857142,6,63.94444444444444
2025-04-10 18:53:25,10.863636363636363,6,63.94444444444444
2025-04-10 18:53:25,11.136363636363637,7,64.95604395604396
2025-04-10 18:53:25,11.409090909090908,6,64.95604395604396
2025-04-10 18:53:25,11.727272727272727,7,64.95604395604396
2025-04-10 18:53:25,12.045454545454545,7,64.95604395604396
2025-04-10 18:53:25,9.363636363636363,6,64.95604395604396
2025-04-10 18:53:25,7.428571428571429,5,64.59782608695652
2025-04-10 18:53:25,5.619047619047619,5,64.59782608695652
2025-04-10 18:53:25,4.333333333333333,4,64.59782608695652
2025-04-10 18:53:25,4.571428571428571,5,64.59782608695652
2025-04-10 18:53:25,5.05,5,64.73118279569893
2025-04-10 18:53:25,5.3,5,64.73118279569893
2025-04-10 18:53:25,5.55,5,64.73118279569893
2025-04-10 18:53:25,6.157894736842105,6,65.68085106382979
2025-04-10 18:53:25,6.833333333333333,6,66.12631578947368
2025-04-10 18:53:25,7.166666666666667,6,66.12631578947368
2025-04-10 18:53:25,7.555555555555555,7,66.12631578947368
2025-04-10 18:53:25,7.944444444444445,7,66.12631578947368
2025-04-10 18:53:25,8.823529411764707,7,65.96875
2025-04-10 18:53:25,9.235294117647058,7,65.96875
2025-04-10 18:53:25,9.647058823529411,7,65.96875
2025-04-10 18:53:25,10.117647058823529,8,65.96875
2025-04-10 18:53:25,10.588235294117647,8,65.96875
2025-04-10 18:53:25,11.75,8,66.16494845360825
2025-04-10 18:53:25,12.25,8,66.16494845360825
2025-04-10 18:53:25,7.0,8,66.63265306122449
2025-04-10 18:53:25,7.0,8,66.63265306122449
2025-04-10 18:53:25,7.411764705882353,7,66.63265306122449
2025-04-10 18:53:25,7.823529411764706,7,66.63265306122449
2025-04-10 18:53:25,8.235294117647058,7,66.63265306122449
2025-04-10 18:53:25,9.1875,7,66.41414141414141
2025-04-10 18:53:25,10.266666666666667,7,66.05
2025-04-10 18:53:25,10.733333333333333,7,66.05
2025-04-10 18:53:25,11.2,7,66.05
2025-04-10 18:53:25,11.666666666666666,7,66.05
2025-04-10 18:53:25,12.133333333333333,7,66.05
2025-04-10 18:53:25,12.6,7,66.05
2025-04-10 18:53:25,12.3125,9,66.05
2025-04-10 18:53:25,12.117647058823529,10,66.05
2025-04-10 18:53:25,11.944444444444445,10,66.05
2025-04-10 18:53:25,12.444444444444445,9,66.05
2025-04-10 18:53:25,13.0,10,66.05
2025-04-10 18:53:25,13.555555555555555,10,66.05
2025-04-10 18:53:25,14.11111111111111,10,66.05
2025-04-10 18:53:25,12.941176470588236,9,66.73267326732673
2025-04-10 18:53:25,11.176470588235293,8,66.73267326732673
2025-04-10 18:53:25,9.411764705882353,7,66.73267326732673
2025-04-10 18:53:25,7.764705882352941,6,66.73267326732673
2025-04-10 18:53:25,6.176470588235294,5,66.73267326732673
2025-04-10 18:53:25,4.555555555555555,6,66.73267326732673
2025-04-10 18:53:25,4.833333333333333,5,66.73267326732673
2025-04-10 18:53:25,5.111111111111111,5,66.73267326732673
2025-04-10 18:53:25,4.823529411764706,4,67.2156862745098
2025-04-10 18:53:25,4.777777777777778,5,67.2156862745098
2025-04-10 18:53:25,4.7368421052631575,5,67.2156862745098
2025-04-10 18:53:25,4.947368421052632,4,67.2156862745098
2025-04-10 18:53:25,5.444444444444445,4,66.86407766990291
2025-04-10 18:53:25,5.666666666666667,4,66.86407766990291
2025-04-10 18:53:25,6.235294117647059,4,66.84615384615384
2025-04-10 18:53:25,6.875,4,66.4
2025-04-10 18:53:25,7.125,4,66.4
2025-04-10 18:53:25,6.9411764705882355,5,66.4
2025-04-10 18:53:25,7.176470588235294,4,66.4
2025-04-10 18:53:25,7.0,5,66.4
2025-04-10 18:53:25,7.647058823529412,4,66.5
2025-04-10 18:53:25,7.444444444444445,5,66.5
2025-04-10 18:53:25,7.666666666666667,4,66.5
2025-04-10 18:53:25,7.473684210526316,5,66.5
2025-04-10 18:53:25,7.684210526315789,4,66.5
2025-04-10 18:53:25,8.333333333333334,4,67.57009345794393
2025-04-10 18:53:25,9.058823529411764,4,67.13888888888889
2025-04-10 18:53:25,9.875,4,66.6788990825688
2025-04-10 18:53:25,10.8,4,67.18181818181819
2025-04-10 18:53:25,11.066666666666666,4,67.18181818181819
2025-04-10 18:53:25,11.333333333333334,4,67.18181818181819
2025-04-10 18:53:25,11.6,4,67.18181818181819
2025-04-10 18:53:25,12.714285714285714,4,67.02702702702703
2025-04-10 18:53:25,13.0,4,67.02702702702703
2025-04-10 18:53:25,14.307692307692308,4,67.58035714285714
2025-04-10 18:53:25,14.692307692307692,5,67.58035714285714
2025-04-10 18:53:25,15.076923076923077,5,67.58035714285714
2025-04-10 18:53:25,16.75,5,68.01769911504425
2025-04-10 18:53:25,17.166666666666668,5,68.01769911504425
2025-04-10 18:53:25,17.583333333333332,5,68.01769911504425
2025-04-10 18:53:25,19.636363636363637,5,68.28070175438596
2025-04-10 18:53:25,20.09090909090909,5,68.28070175438596
2025-04-10 18:53:25,18.833333333333332,6,68.28070175438596
2025-04-10 18:53:25,19.25,5,68.28070175438596
2025-04-10 18:53:25,19.666666666666668,5,68.28070175438596
2025-04-10 18:53:25,20.083333333333332,5,68.28070175438596
2025-04-10 18:53:25,22.363636363636363,5,67.93913043478261
2025-04-10 18:53:25,22.90909090909091,6,67.93913043478261
2025-04-10 18:53:25,23.454545454545453,6,67.93913043478261
2025-04-10 18:53:25,24.0,6,67.93913043478261
2025-04-10 18:53:25,22.5,7,67.93913043478261
2025-04-10 18:53:25,23.0,6,67.93913043478261
2025-04-10 18:53:25,23.583333333333332,7,67.93913043478261
2025-04-10 18:53:25,24.25,8,67.93913043478261
2025-04-10 18:53:25,23.076923076923077,10,67.93913043478261
2025-04-10 18:53:26,23.76923076923077,9,67.93913043478261
2025-04-10 18:53:26,22.714285714285715,10,67.93913043478261
2025-04-10 18:53:26,21.8,10,67.93913043478261
2025-04-10 18:53:26,22.4,9,67.93913043478261
2025-04-10 18:53:26,16.266666666666666,8,67.93913043478261
2025-04-10 18:53:26,16.8,8,67.93913043478261
2025-04-10 18:53:26,17.333333333333332,8,67.93913043478261
2025-04-10 18:53:26,17.866666666666667,8,67.93913043478261
2025-04-10 18:53:26,18.4,9,68.79310344827586
2025-04-10 18:53:26,17.75,9,68.79310344827586
2025-04-10 18:53:26,18.25,8,68.79310344827586
2025-04-10 18:53:26,18.75,8,68.79310344827586
2025-04-10 18:53:26,19.25,8,68.79310344827586
2025-04-10 18:53:26,21.066666666666666,8,68.3076923076923
2025-04-10 18:53:26,20.25,9,68.3076923076923
2025-04-10 18:53:26,20.75,8,68.3076923076923
2025-04-10 18:53:26,21.25,8,68.3076923076923
2025-04-10 18:53:26,20.470588235294116,9,68.3076923076923
2025-04-10 18:53:26,20.941176470588236,8,68.3076923076923
2025-04-10 18:53:26,21.470588235294116,9,68.3076923076923
2025-04-10 18:53:26,17.11764705882353,8,68.3076923076923
2025-04-10 18:53:26,12.882352941176471,7,68.3076923076923
2025-04-10 18:53:26,9.0,6,68.3076923076923
2025-04-10 18:53:26,7.470588235294118,6,68.21186440677967
2025-04-10 18:53:26,6.235294117647059,4,68.21186440677967
2025-04-10 18:53:26,6.470588235294118,5,67.85714285714286
2025-04-10 18:53:26,6.705882352941177,4,67.85714285714286
2025-04-10 18:53:26,6.555555555555555,5,67.85714285714286
2025-04-10 18:53:26,6.777777777777778,4,67.85714285714286
2025-04-10 18:53:26,6.631578947368421,5,67.85714285714286
2025-04-10 18:53:26,7.222222222222222,4,67.3
2025-04-10 18:53:26,7.444444444444445,4,67.3
2025-04-10 18:53:26,8.176470588235293,5,67.9090909090909
2025-04-10 18:53:26,8.470588235294118,5,67.9090909090909
2025-04-10 18:53:26,8.764705882352942,5,67.9090909090909
2025-04-10 18:53:26,9.058823529411764,5,67.9090909090909
2025-04-10 18:53:26,9.352941176470589,5,67.9090909090909
2025-04-10 18:53:26,10.25,5,67.76229508196721
2025-04-10 18:53:26,9.941176470588236,6,67.76229508196721
2025-04-10 18:53:26,10.235294117647058,5,67.76229508196721
2025-04-10 18:53:26,11.1875,5,68.34959349593495
2025-04-10 18:53:26,10.882352941176471,7,68.34959349593495
2025-04-10 18:53:26,11.235294117647058,6,68.34959349593495
2025-04-10 18:53:26,11.588235294117647,6,68.34959349593495
2025-04-10 18:53:26,11.941176470588236,6,68.34959349593495
2025-04-10 18:53:26,12.294117647058824,6,68.34959349593495
2025-04-10 18:53:26,12.647058823529411,7,68.54032258064517
2025-04-10 18:53:26,13.0,6,68.54032258064517
2025-04-10 18:53:26,12.61111111111111,7,68.54032258064517
2025-04-10 18:53:26,12.944444444444445,6,68.54032258064517
2025-04-10 18:53:26,14.117647058823529,7,68.088
2025-04-10 18:53:26,14.529411764705882,8,67.57142857142857
2025-04-10 18:53:26,15.0,9,67.23622047244095
2025-04-10 18:53:26,15.470588235294118,8,67.23622047244095
2025-04-10 18:53:26,16.0,9,67.23622047244095
2025-04-10 18:53:26,16.529411764705884,9,67.23622047244095
2025-04-10 18:53:26,17.058823529411764,9,67.23622047244095
2025-04-10 18:53:26,17.58823529411765,9,67.23622047244095
2025-04-10 18:53:26,14.3125,8,67.640625
2025-04-10 18:53:26,10.875,7,67.640625
2025-04-10 18:53:26,7.0,8,67.640625
2025-04-10 18:53:26,5.647058823529412,6,67.640625
2025-04-10 18:53:26,5.235294117647059,5,67.640625
2025-04-10 18:53:26,5.529411764705882,5,67.640625
2025-04-10 18:53:26,5.5,6,67.640625
2025-04-10 18:53:26,6.117647058823529,5,67.30232558139535
2025-04-10 18:53:26,6.411764705882353,5,67.30232558139535
2025-04-10 18:53:26,6.333333333333333,6,67.30232558139535
2025-04-10 18:53:26,6.611111111111111,5,67.30232558139535
2025-04-10 18:53:26,6.526315789473684,6,67.30232558139535
2025-04-10 18:53:26,6.7894736842105265,5,67.30232558139535
2025-04-10 18:53:26,7.444444444444445,5,66.93846153846154
2025-04-10 18:53:26,7.722222222222222,5,66.93846153846154
2025-04-10 18:53:26,8.0,5,66.93846153846154
2025-04-10 18:53:26,8.277777777777779,5,66.93846153846154
2025-04-10 18:53:26,8.555555555555555,5,66.93846153846154
2025-04-10 18:53:26,8.368421052631579,6,66.93846153846154
2025-04-10 18:53:26,9.11111111111111,5,67.25954198473282
2025-04-10 18:53:26,9.941176470588236,5,68.0909090909091
2025-04-10 18:53:26,10.235294117647058,5,68.0909090909091
2025-04-10 18:53:26,7.3125,4,67.83458646616542
2025-04-10 18:53:26,5.6875,3,67.83458646616542
2025-04-10 18:53:26,5.875,3,67.83458646616542
2025-04-10 18:53:26,6.0625,3,67.83458646616542
2025-04-10 18:53:26,6.666666666666667,3,67.82835820895522
2025-04-10 18:53:26,6.866666666666666,3,67.82835820895522
2025-04-10 18:53:26,7.066666666666666,3,67.82835820895522
2025-04-10 18:53:26,6.8125,4,67.82835820895522
2025-04-10 18:53:26,7.0625,4,67.82835820895522
2025-04-10 18:53:26,7.3125,4,67.82835820895522
2025-04-10 18:53:26,7.6875,6,67.82835820895522
2025-04-10 18:53:26,7.588235294117647,7,67.82835820895522
2025-04-10 18:53:26,8.4375,6,67.99259259259259
2025-04-10 18:53:26,8.8125,6,67.99259259259259
2025-04-10 18:53:26,9.8,6,68.44852941176471
2025-04-10 18:53:26,10.2,6,68.44852941176471
2025-04-10 18:53:26,9.9375,7,68.44852941176471
2025-04-10 18:53:26,9.764705882352942,8,68.44852941176471
2025-04-10 18:53:26,10.176470588235293,7,68.44852941176471
2025-04-10 18:53:26,10.0,6,68.44852941176471
2025-04-10 18:53:26,10.176470588235293,6,68.44852941176471
2025-04-10 18:53:26,10.529411764705882,6,68.44852941176471
2025-04-10 18:53:26,10.277777777777779,7,68.44852941176471
2025-04-10 18:53:26,10.61111111111111,6,68.44852941176471
2025-04-10 18:53:26,10.944444444444445,6,68.44852941176471
2025-04-10 18:53:26,12.6875,6,68.42753623188406
2025-04-10 18:53:26,13.933333333333334,6,68.64028776978417
2025-04-10 18:53:26,13.4375,7,68.64028776978417
2025-04-10 18:53:26,13.8125,7,68.23571428571428
2025-04-10 18:53:26,14.1875,6,68.23571428571428
2025-04-10 18:53:26,14.5625,6,68.23571428571428
2025-04-10 18:53:26,15.933333333333334,6,68.17021276595744
2025-04-10 18:53:26,16.333333333333332,6,68.17021276595744
2025-04-10 18:53:26,15.6875,7,68.17021276595744
2025-04-10 18:53:26,15.117647058823529,7,68.17021276595744
2025-04-10 18:53:26,13.941176470588236,5,68.17021276595744
2025-04-10 18:53:26,12.5,5,68.17021276595744
2025-04-10 18:53:26,12.722222222222221,4,68.17021276595744
2025-04-10 18:53:26,12.263157894736842,5,68.17021276595744
2025-04-10 18:53:26,12.473684210526315,4,68.17021276595744
2025-04-10 18:53:26,12.68421052631579,4,68.17021276595744
2025-04-10 18:53:26,12.894736842105264,5,67.90140845070422
2025-04-10 18:53:26,13.210526315789474,6,67.90140845070422
2025-04-10 18:53:26,13.526315789473685,7,67.83916083916084
2025-04-10 18:53:26,14.61111111111111,6,68.65972222222223
2025-04-10 18:53:26,14.944444444444445,6,68.65972222222223
2025-04-10 18:53:26,16.176470588235293,6,68.35172413793103
2025-04-10 18:53:26,16.529411764705884,6,68.35172413793103
2025-04-10 18:53:26,16.88235294117647,6,68.35172413793103
2025-04-10 18:53:26,18.3125,6,68.17123287671232
2025-04-10 18:53:26,19.933333333333334,6,67.7687074829932
2025-04-10 18:53:26,14.266666666666667,5,67.7687074829932
2025-04-10 18:53:26,8.8125,6,67.7687074829932
2025-04-10 18:53:26,4.375,3,67.7687074829932
2025-04-10 18:53:26,1.625,2,67.7687074829932
2025-04-10 18:53:26,0.9333333333333333,1,68.12837837837837
2025-04-10 18:53:26,1.0,1,68.12837837837837
2025-04-10 18:53:26,1.0666666666666667,2,67.87248322147651
2025-04-10 18:53:26,1.1333333333333333,1,67.87248322147651
2025-04-10 18:53:26,1.2857142857142858,1,68.38
2025-04-10 18:53:26,1.1875,3,68.38
2025-04-10 18:53:26,1.25,1,68.38
2025-04-10 18:53:26,1.3125,1,68.38
2025-04-10 18:53:26,1.4666666666666666,1,68.72185430463576
2025-04-10 18:53:26,1.4375,2,68.72185430463576
2025-04-10 18:53:26,1.6,1,68.72368421052632
2025-04-10 18:53:26,1.6666666666666667,2,69.06535947712419
2025-04-10 18:53:26,1.7333333333333334,1,69.06535947712419
2025-04-10 18:53:26,1.8,1,69.06535947712419
2025-04-10 18:53:26,2.0714285714285716,2,68.85064935064935
2025-04-10 18:53:26,2.2142857142857144,2,68.85064935064935
2025-04-10 18:53:26,2.357142857142857,2,68.85064935064935
2025-04-10 18:53:26,2.3333333333333335,3,68.85064935064935
2025-04-10 18:53:26,2.466666666666667,3,68.49032258064516
2025-04-10 18:53:26,2.6,2,68.49032258064516
2025-04-10 18:53:26,2.9285714285714284,2,68.12179487179488
2025-04-10 18:53:26,3.0714285714285716,2,68.12179487179488
2025-04-10 18:53:26,3.0,3,68.12179487179488
2025-04-10 18:53:26,3.1333333333333333,2,68.12179487179488
2025-04-10 18:53:26,3.2666666666666666,2,68.12179487179488
2025-04-10 18:53:26,3.4,2,68.12179487179488
2025-04-10 18:53:26,3.533333333333333,2,68.12179487179488
2025-04-10 18:53:26,3.6666666666666665,2,68.12179487179488
2025-04-10 18:53:26,3.8666666666666667,3,68.12179487179488
2025-04-10 18:53:26,4.066666666666666,3,68.12179487179488
2025-04-10 18:53:27,4.571428571428571,3,67.89808917197452
2025-04-10 18:53:27,4.785714285714286,3,67.89808917197452
2025-04-10 18:53:27,5.0,3,67.89808917197452
2025-04-10 18:53:27,4.866666666666666,4,67.89808917197452
2025-04-10 18:53:27,5.5,4,68.15822784810126
2025-04-10 18:53:27,5.785714285714286,4,68.15822784810126
2025-04-10 18:53:27,6.071428571428571,4,68.15822784810126
2025-04-10 18:53:27,2.7142857142857144,4,67.84905660377359
2025-04-10 18:53:27,2.5714285714285716,2,67.84905660377359
2025-04-10 18:53:27,2.923076923076923,2,67.8375
2025-04-10 18:53:27,3.4166666666666665,3,67.90062111801242
2025-04-10 18:53:27,3.6666666666666665,3,67.90062111801242
2025-04-10 18:53:27,4.0,4,67.90062111801242
2025-04-10 18:53:27,4.7272727272727275,4,67.67901234567901
2025-04-10 18:53:27,5.090909090909091,5,67.60736196319019
2025-04-10 18:53:27,5.454545454545454,4,67.60736196319019
2025-04-10 18:53:27,5.818181818181818,4,67.60736196319019
2025-04-10 18:53:27,6.8,4,67.46951219512195
2025-04-10 18:53:27,7.2,4,67.46951219512195
2025-04-10 18:53:27,7.6,4,67.46951219512195
2025-04-10 18:53:27,7.2727272727272725,5,67.46951219512195
2025-04-10 18:53:27,7.636363636363637,4,67.46951219512195
2025-04-10 18:53:27,8.0,4,67.46951219512195
2025-04-10 18:53:27,8.454545454545455,5,67.46951219512195
2025-04-10 18:53:27,8.909090909090908,5,67.46951219512195
2025-04-10 18:53:27,9.363636363636363,5,67.46951219512195
2025-04-10 18:53:27,7.75,5,67.46951219512195
2025-04-10 18:53:27,8.818181818181818,4,67.13939393939394
2025-04-10 18:53:27,9.181818181818182,4,67.13939393939394
2025-04-10 18:53:27,10.5,4,67.48795180722891
2025-04-10 18:53:27,10.9,5,67.31137724550898
2025-04-10 18:53:27,11.3,4,67.31137724550898
2025-04-10 18:53:27,11.7,4,67.31137724550898
2025-04-10 18:53:27,12.1,4,67.31137724550898
2025-04-10 18:53:27,12.5,4,67.31137724550898
2025-04-10 18:53:27,13.0,5,67.31137724550898
2025-04-10 18:53:27,11.25,7,67.31137724550898
2025-04-10 18:53:27,10.76923076923077,6,67.31137724550898
2025-04-10 18:53:27,11.153846153846153,5,67.31137724550898
2025-04-10 18:53:27,11.538461538461538,5,67.31137724550898
2025-04-10 18:53:27,11.923076923076923,5,67.31137724550898
2025-04-10 18:53:27,13.416666666666666,6,67.23214285714286
2025-04-10 18:53:27,13.916666666666666,6,67.23214285714286
2025-04-10 18:53:27,14.5,7,67.23214285714286
2025-04-10 18:53:27,15.083333333333334,7,67.23214285714286
2025-04-10 18:53:27,10.5,6,67.23214285714286
2025-04-10 18:53:27,11.0,6,67.23214285714286
2025-04-10 18:53:27,11.5,6,67.23214285714286
2025-04-10 18:53:27,12.0,6,67.23214285714286
2025-04-10 18:53:27,12.5,6,67.23214285714286
2025-04-10 18:53:27,13.0,6,67.23214285714286
2025-04-10 18:53:27,13.5,6,67.23214285714286
2025-04-10 18:53:27,14.0,6,67.23214285714286
2025-04-10 18:53:27,14.5,6,67.23214285714286
2025-04-10 18:53:27,15.0,6,67.23214285714286
2025-04-10 18:53:27,15.5,6,67.23214285714286
2025-04-10 18:53:27,16.0,6,67.23214285714286
2025-04-10 18:53:27,16.5,6,67.23214285714286
2025-04-10 18:53:27,17.0,6,67.23214285714286
2025-04-10 18:53:27,16.153846153846153,7,67.23214285714286
2025-04-10 18:53:27,16.615384615384617,6,67.23214285714286
2025-04-10 18:53:27,12.153846153846153,5,67.23214285714286
2025-04-10 18:53:27,10.384615384615385,4,67.23214285714286
2025-04-10 18:53:27,9.928571428571429,5,67.23214285714286
2025-04-10 18:53:27,10.285714285714286,5,67.23214285714286
2025-04-10 18:53:27,10.642857142857142,5,67.23214285714286
2025-04-10 18:53:27,10.266666666666667,6,67.23214285714286
2025-04-10 18:53:27,10.6,5,67.23214285714286
2025-04-10 18:53:27,10.933333333333334,5,67.23214285714286
2025-04-10 18:53:27,10.5625,6,67.23214285714286
2025-04-10 18:53:27,10.235294117647058,6,67.23214285714286
2025-04-10 18:53:27,9.944444444444445,6,67.23214285714286
2025-04-10 18:53:27,10.823529411764707,5,67.14201183431953
2025-04-10 18:53:27,11.117647058823529,5,67.14201183431953
2025-04-10 18:53:27,12.125,5,66.97058823529412
2025-04-10 18:53:27,12.4375,5,66.97058823529412
2025-04-10 18:53:27,12.0,6,66.97058823529412
2025-04-10 18:53:27,8.411764705882353,6,66.97058823529412
2025-04-10 18:53:27,5.529411764705882,6,66.97058823529412
2025-04-10 18:53:27,5.388888888888889,6,66.97058823529412
2025-04-10 18:53:27,5.666666666666667,5,66.97058823529412
2025-04-10 18:53:27,6.294117647058823,5,67.35087719298245
2025-04-10 18:53:27,6.222222222222222,6,67.35087719298245
2025-04-10 18:53:27,5.842105263157895,5,67.35087719298245
2025-04-10 18:53:27,6.052631578947368,4,67.35087719298245
2025-04-10 18:53:27,6.2631578947368425,4,67.35087719298245
2025-04-10 18:53:27,6.833333333333333,4,67.09302325581395
2025-04-10 18:53:27,7.055555555555555,4,67.09302325581395
2025-04-10 18:53:27,7.333333333333333,5,67.09302325581395
2025-04-10 18:53:27,7.2631578947368425,7,67.09302325581395
2025-04-10 18:53:27,7.2,7,67.09302325581395
2025-04-10 18:53:27,7.5,6,67.09302325581395
2025-04-10 18:53:27,7.8,6,67.09302325581395
2025-04-10 18:53:27,8.15,8,67.51445086705202
2025-04-10 18:53:27,8.947368421052632,7,67.19540229885058
2025-04-10 18:53:27,9.31578947368421,8,66.95428571428572
2025-04-10 18:53:27,9.68421052631579,7,66.95428571428572
2025-04-10 18:53:27,10.052631578947368,7,66.95428571428572
2025-04-10 18:53:27,10.421052631578947,7,66.95428571428572
2025-04-10 18:53:27,10.789473684210526,8,66.74431818181819
2025-04-10 18:53:27,11.157894736842104,7,66.74431818181819
2025-04-10 18:53:27,11.526315789473685,7,66.74431818181819
2025-04-10 18:53:27,11.894736842105264,7,66.74431818181819
2025-04-10 18:53:27,11.65,8,66.74431818181819
2025-04-10 18:53:27,12.0,7,66.74431818181819
2025-04-10 18:53:27,12.35,7,66.74431818181819
2025-04-10 18:53:27,13.368421052631579,7,67.24293785310735
2025-04-10 18:53:27,14.5,7,66.96067415730337
2025-04-10 18:53:27,14.88888888888889,7,66.96067415730337
2025-04-10 18:53:27,15.277777777777779,7,66.96067415730337
2025-04-10 18:53:27,15.666666666666666,7,66.96067415730337
2025-04-10 18:53:27,16.055555555555557,7,66.96067415730337
2025-04-10 18:53:27,16.444444444444443,7,66.96067415730337
2025-04-10 18:53:27,15.2,10,66.96067415730337
2025-04-10 18:53:27,15.6,8,66.96067415730337
2025-04-10 18:53:27,11.714285714285714,9,66.96067415730337
2025-04-10 18:53:27,8.571428571428571,7,66.96067415730337
2025-04-10 18:53:27,6.090909090909091,8,66.96067415730337
2025-04-10 18:53:27,4.545454545454546,7,66.96067415730337
2025-04-10 18:53:27,3.409090909090909,7,66.72067039106145
2025-04-10 18:53:27,2.272727272727273,6,66.72067039106145
2025-04-10 18:53:27,2.6666666666666665,6,66.87777777777778
2025-04-10 18:53:27,2.9523809523809526,6,66.87777777777778
2025-04-10 18:53:27,1.7619047619047619,5,66.87777777777778
2025-04-10 18:53:27,1.5,4,66.56906077348066
2025-04-10 18:53:27,1.1904761904761905,4,66.56906077348066
2025-04-10 18:53:27,1.0,2,66.56906077348066
2025-04-10 18:53:27,0.65,1,67.03846153846153
2025-04-10 18:53:27,0.7894736842105263,2,67.33333333333333
2025-04-10 18:53:27,0.9444444444444444,2,67.2554347826087
2025-04-10 18:53:27,1.0555555555555556,2,67.2554347826087
2025-04-10 18:53:27,1.2352941176470589,2,67.24324324324324
2025-04-10 18:53:27,1.3529411764705883,2,67.24324324324324
2025-04-10 18:53:27,1.4705882352941178,2,67.24324324324324
2025-04-10 18:53:27,1.6470588235294117,3,67.24324324324324
2025-04-10 18:53:27,1.9375,3,67.2258064516129
2025-04-10 18:53:27,2.0588235294117645,5,67.2258064516129
2025-04-10 18:53:27,2.4375,4,67.40641711229947
2025-04-10 18:53:27,2.5294117647058822,5,67.40641711229947
2025-04-10 18:53:27,2.9375,4,67.77127659574468
2025-04-10 18:53:27,3.1875,4,67.77127659574468
2025-04-10 18:53:27,3.4375,5,67.66666666666667
2025-04-10 18:53:27,3.6875,4,67.66666666666667
2025-04-10 18:53:27,3.9375,4,67.66666666666667
2025-04-10 18:53:27,4.1875,4,67.66666666666667
2025-04-10 18:53:27,4.733333333333333,4,67.55263157894737
2025-04-10 18:53:27,5.0,4,67.55263157894737
2025-04-10 18:53:27,5.266666666666667,4,67.55263157894737
2025-04-10 18:53:27,5.1875,5,67.55263157894737
2025-04-10 18:53:28,5.4375,4,67.55263157894737
2025-04-10 18:53:28,5.6875,4,67.55263157894737
2025-04-10 18:53:28,5.588235294117647,5,67.55263157894737
2025-04-10 18:53:28,5.823529411764706,5,67.45549738219896
2025-04-10 18:53:28,6.0588235294117645,4,67.45549738219896
2025-04-10 18:53:28,5.944444444444445,5,67.45549738219896
2025-04-10 18:53:28,6.166666666666667,4,67.45549738219896
2025-04-10 18:53:28,6.764705882352941,4,67.11458333333333
2025-04-10 18:53:28,7.0,4,67.11458333333333
2025-04-10 18:53:28,6.833333333333333,5,67.11458333333333
2025-04-10 18:53:28,6.684210526315789,5,67.11458333333333
2025-04-10 18:53:28,7.277777777777778,4,67.4041450777202
2025-04-10 18:53:28,7.5,4,67.4041450777202
2025-04-10 18:53:28,7.722222222222222,5,67.28865979381443
2025-04-10 18:53:28,7.944444444444445,4,67.28865979381443
2025-04-10 18:53:28,8.222222222222221,5,67.28865979381443
2025-04-10 18:53:28,9.0,5,67.06666666666666
2025-04-10 18:53:28,9.294117647058824,5,67.06666666666666
2025-04-10 18:53:28,9.588235294117647,5,67.06666666666666
2025-04-10 18:53:28,9.882352941176471,5,67.06666666666666
2025-04-10 18:53:28,10.176470588235293,5,67.06666666666666
2025-04-10 18:53:28,11.125,5,66.83673469387755
2025-04-10 18:53:28,11.4375,5,66.83673469387755
2025-04-10 18:53:28,11.75,5,66.83673469387755
2025-04-10 18:53:28,12.0625,5,66.83673469387755
2025-04-10 18:53:28,13.266666666666667,6,66.74619289340102
2025-04-10 18:53:28,14.714285714285714,7,66.6919191919192
2025-04-10 18:53:28,14.2,8,66.6919191919192
2025-04-10 18:53:28,14.666666666666666,7,66.6919191919192
2025-04-10 18:53:28,15.133333333333333,7,66.6919191919192
2025-04-10 18:53:28,12.533333333333333,6,66.6919191919192
2025-04-10 18:53:28,9.933333333333334,5,66.6919191919192
2025-04-10 18:53:28,10.266666666666667,5,66.6919191919192
2025-04-10 18:53:28,10.6,5,66.6919191919192
2025-04-10 18:53:28,10.25,6,66.6919191919192
2025-04-10 18:53:28,10.5625,5,66.6919191919192
2025-04-10 18:53:28,11.6,5,67.1356783919598
2025-04-10 18:53:28,11.933333333333334,5,67.1356783919598
2025-04-10 18:53:28,12.266666666666667,5,67.1356783919598
2025-04-10 18:53:28,12.6,5,67.1356783919598
2025-04-10 18:53:28,12.933333333333334,5,67.1356783919598
2025-04-10 18:53:28,12.4375,6,67.1356783919598
2025-04-10 18:53:28,12.75,5,67.1356783919598
2025-04-10 18:53:28,12.294117647058824,6,67.1356783919598
2025-04-10 18:53:28,12.588235294117647,5,67.1356783919598
2025-04-10 18:53:28,12.941176470588236,6,67.1356783919598
2025-04-10 18:53:28,13.294117647058824,6,67.1356783919598
2025-04-10 18:53:28,13.647058823529411,7,67.215
2025-04-10 18:53:28,14.058823529411764,7,67.215
2025-04-10 18:53:28,10.294117647058824,6,67.215
2025-04-10 18:53:28,8.529411764705882,5,67.215
2025-04-10 18:53:28,8.647058823529411,5,67.215
2025-04-10 18:53:28,8.941176470588236,5,67.215
2025-04-10 18:53:28,8.722222222222221,6,67.215
2025-04-10 18:53:28,9.0,5,67.215
2025-04-10 18:53:28,8.789473684210526,6,67.215
2025-04-10 18:53:28,9.052631578947368,6,67.48756218905473
2025-04-10 18:53:28,9.31578947368421,5,67.48756218905473
2025-04-10 18:53:28,9.578947368421053,5,67.48756218905473
2025-04-10 18:53:28,9.894736842105264,6,67.48756218905473
2025-04-10 18:53:28,10.777777777777779,6,67.89603960396039
2025-04-10 18:53:28,11.11111111111111,6,67.89603960396039
2025-04-10 18:53:28,11.882352941176471,5,67.69950738916256
2025-04-10 18:53:28,12.176470588235293,5,67.69950738916256
2025-04-10 18:53:28,12.470588235294118,5,67.69950738916256
2025-04-10 18:53:28,12.764705882352942,5,67.69950738916256
2025-04-10 18:53:28,13.058823529411764,5,67.69950738916256
2025-04-10 18:53:28,14.1875,5,68.03921568627452
2025-04-10 18:53:28,7.588235294117647,5,68.03921568627452
2025-04-10 18:53:28,8.3125,4,67.83414634146341
2025-04-10 18:53:28,9.133333333333333,4,68.00970873786407
2025-04-10 18:53:28,8.8125,5,68.00970873786407
2025-04-10 18:53:28,9.125,5,68.00970873786407
2025-04-10 18:53:28,9.4375,5,68.00970873786407
2025-04-10 18:53:28,9.176470588235293,6,68.00970873786407
2025-04-10 18:53:28,9.470588235294118,5,68.00970873786407
2025-04-10 18:53:28,9.764705882352942,5,68.00970873786407
2025-04-10 18:53:28,10.058823529411764,5,68.00970873786407
2025-04-10 18:53:28,9.777777777777779,6,68.00970873786407
2025-04-10 18:53:28,9.578947368421053,7,68.00970873786407
2025-04-10 18:53:28,9.789473684210526,5,68.00970873786407
2025-04-10 18:53:28,10.052631578947368,5,68.00970873786407
2025-04-10 18:53:28,9.8,6,68.00970873786407
2025-04-10 18:53:28,10.578947368421053,5,68.01932367149759
2025-04-10 18:53:28,10.842105263157896,5,68.01932367149759
2025-04-10 18:53:28,11.105263157894736,5,68.01932367149759
2025-04-10 18:53:28,11.368421052631579,5,68.01932367149759
2025-04-10 18:53:28,7.9,5,68.01932367149759
2025-04-10 18:53:28,5.9,3,68.01932367149759
2025-04-10 18:53:28,5.15,2,68.01932367149759
2025-04-10 18:53:28,5.526315789473684,2,67.7451923076923
2025-04-10 18:53:28,5.35,3,67.7451923076923
2025-04-10 18:53:28,5.5,3,67.7451923076923
2025-04-10 18:53:28,5.65,3,67.7451923076923
2025-04-10 18:53:28,5.8,3,67.7451923076923
2025-04-10 18:53:28,6.2631578947368425,3,67.82775119617224
2025-04-10 18:53:28,6.421052631578948,3,67.82775119617224
2025-04-10 18:53:28,6.578947368421052,3,67.82775119617224
2025-04-10 18:53:28,6.4,4,67.82775119617224
2025-04-10 18:53:28,6.238095238095238,4,67.82775119617224
2025-04-10 18:53:28,6.380952380952381,3,67.82775119617224
2025-04-10 18:53:28,6.523809523809524,3,67.82775119617224
2025-04-10 18:53:28,7.0,3,67.72857142857143
2025-04-10 18:53:28,7.526315789473684,3,67.48341232227489
2025-04-10 18:53:28,7.7368421052631575,4,67.48341232227489
2025-04-10 18:53:28,7.947368421052632,4,67.48341232227489
2025-04-10 18:53:28,7.8,6,67.48341232227489
2025-04-10 18:53:28,3.95,4,67.48341232227489
2025-04-10 18:53:28,3.6666666666666665,3,68.20657276995306
2025-04-10 18:53:28,3.888888888888889,4,68.20657276995306
2025-04-10 18:53:28,4.111111111111111,4,68.20657276995306
2025-04-10 18:53:28,4.333333333333333,4,68.20657276995306
2025-04-10 18:53:28,4.823529411764706,4,68.2196261682243
2025-04-10 18:53:28,4.777777777777778,5,68.2196261682243
2025-04-10 18:53:28,5.055555555555555,5,68.2196261682243
2025-04-10 18:53:28,5.647058823529412,5,68.42790697674418
2025-04-10 18:53:28,5.9411764705882355,5,68.42790697674418
2025-04-10 18:53:28,6.294117647058823,7,68.23148148148148
2025-04-10 18:53:28,6.647058823529412,6,68.23148148148148
2025-04-10 18:53:28,7.0,6,68.23148148148148
2025-04-10 18:53:28,6.944444444444445,7,68.23148148148148
2025-04-10 18:53:28,7.764705882352941,7,68.35023041474655
2025-04-10 18:53:28,8.176470588235293,7,68.35023041474655
2025-04-10 18:53:28,8.647058823529411,8,68.35023041474655
2025-04-10 18:53:28,9.117647058823529,8,68.35023041474655
2025-04-10 18:53:28,9.588235294117647,8,68.35023041474655
2025-04-10 18:53:28,10.058823529411764,8,68.35023041474655
2025-04-10 18:53:28,11.25,9,68.6697247706422
2025-04-10 18:53:28,11.8125,9,68.6697247706422
2025-04-10 18:53:28,12.375,9,68.6697247706422
2025-04-10 18:53:28,13.8,9,68.6392694063927
2025-04-10 18:53:28,14.4,9,68.6392694063927
2025-04-10 18:53:28,15.0,9,68.6392694063927
2025-04-10 18:53:28,15.6,9,68.6392694063927
2025-04-10 18:53:28,16.2,9,68.6392694063927
2025-04-10 18:53:28,16.8,9,68.6392694063927
2025-04-10 18:53:28,17.4,9,68.6392694063927
2025-04-10 18:53:28,18.0,9,68.6392694063927
2025-04-10 18:53:28,18.6,9,68.6392694063927
2025-04-10 18:53:28,20.642857142857142,10,68.62272727272727
2025-04-10 18:53:28,21.357142857142858,10,68.62272727272727
2025-04-10 18:53:28,22.071428571428573,10,68.62272727272727
2025-04-10 18:53:28,16.285714285714285,10,68.62272727272727
2025-04-10 18:53:28,14.142857142857142,9,68.62272727272727
2025-04-10 18:53:28,12.571428571428571,8,68.62272727272727
2025-04-10 18:53:28,11.071428571428571,7,68.62272727272727
2025-04-10 18:53:28,10.538461538461538,7,68.93212669683258
2025-04-10 18:53:28,8.5,7,68.93212669683258
2025-04-10 18:53:28,8.928571428571429,6,68.93212669683258
2025-04-10 18:53:28,9.357142857142858,6,68.93212669683258
2025-04-10 18:53:28,8.142857142857142,6,68.93212669683258
2025-04-10 18:53:28,8.642857142857142,7,68.93212669683258
2025-04-10 18:53:28,9.142857142857142,7,68.93212669683258
2025-04-10 18:53:28,10.461538461538462,8,69.05855855855856
2025-04-10 18:53:28,11.153846153846153,9,69.05855855855856
2025-04-10 18:53:28,11.846153846153847,9,69.05855855855856
2025-04-10 18:53:28,12.538461538461538,9,69.05855855855856
2025-04-10 18:53:28,13.23076923076923,9,69.05855855855856
2025-04-10 18:53:28,12.615384615384615,8,69.05855855855856
2025-04-10 18:53:28,13.23076923076923,8,69.05855855855856
2025-04-10 18:53:28,13.846153846153847,8,69.05855855855856
2025-04-10 18:53:28,14.461538461538462,8,69.05855855855856
2025-04-10 18:53:28,15.076923076923077,8,69.05855855855856
2025-04-10 18:53:29,17.0,8,69.04035874439462
2025-04-10 18:53:29,19.272727272727273,8,69.45089285714286
2025-04-10 18:53:29,20.0,8,69.45089285714286
2025-04-10 18:53:29,20.727272727272727,8,69.45089285714286
2025-04-10 18:53:29,21.454545454545453,8,69.45089285714286
2025-04-10 18:53:29,22.181818181818183,8,69.45089285714286
2025-04-10 18:53:29,22.90909090909091,8,69.45089285714286
2025-04-10 18:53:29,23.636363636363637,8,69.45089285714286
2025-04-10 18:53:29,24.363636363636363,8,69.45089285714286
2025-04-10 18:53:29,25.09090909090909,8,69.45089285714286
2025-04-10 18:53:29,25.818181818181817,8,69.45089285714286
2025-04-10 18:53:29,26.545454545454547,8,69.45089285714286
2025-04-10 18:53:29,30.0,8,69.48
2025-04-10 18:53:29,30.8,8,69.48
2025-04-10 18:53:29,28.4,7,69.48
2025-04-10 18:53:29,32.333333333333336,7,69.4424778761062
2025-04-10 18:53:29,33.111111111111114,7,69.4424778761062
2025-04-10 18:53:29,33.888888888888886,7,69.4424778761062
2025-04-10 18:53:29,34.666666666666664,7,69.4424778761062
2025-04-10 18:53:29,35.44444444444444,7,69.4424778761062
2025-04-10 18:53:29,40.75,7,69.29515418502203
2025-04-10 18:53:29,41.625,7,69.29515418502203
2025-04-10 18:53:29,42.5,7,69.29515418502203
2025-04-10 18:53:29,43.375,7,69.29515418502203
2025-04-10 18:53:29,44.25,7,69.29515418502203
2025-04-10 18:53:29,45.125,7,69.29515418502203
2025-04-10 18:53:29,46.0,7,69.29515418502203
2025-04-10 18:53:29,46.875,7,69.29515418502203
2025-04-10 18:53:29,47.75,7,69.29515418502203
2025-04-10 18:53:29,48.625,7,69.29515418502203
2025-04-10 18:53:29,49.5,7,69.29515418502203
2025-04-10 18:53:29,50.375,7,69.29515418502203
2025-04-10 18:53:29,51.25,7,69.29515418502203
2025-04-10 18:53:29,40.75,6,69.29515418502203
2025-04-10 18:53:29,30.375,5,69.29515418502203
2025-04-10 18:53:29,24.875,4,69.29515418502203
2025-04-10 18:53:29,19.25,3,69.29515418502203
2025-04-10 18:53:29,13.625,2,69.29515418502203
2025-04-10 18:53:29,7.875,1,69.29515418502203
2025-04-10 18:53:29,8.0,1,69.29515418502203
2025-04-10 18:53:29,8.125,1,69.29515418502203
2025-04-10 18:53:29,8.25,1,69.29515418502203
2025-04-10 18:53:29,8.375,1,69.29515418502203
2025-04-10 18:53:29,8.5,1,69.29515418502203
2025-04-10 18:53:29,8.75,2,69.29515418502203
2025-04-10 18:53:29,10.285714285714286,2,69.37719298245614
2025-04-10 18:53:29,10.571428571428571,2,69.37719298245614
2025-04-10 18:53:29,12.666666666666666,2,69.78602620087337
2025-04-10 18:53:29,13.0,2,69.78602620087337
2025-04-10 18:53:29,13.333333333333334,2,69.78602620087337
2025-04-10 18:53:29,13.666666666666666,2,69.78602620087337
2025-04-10 18:53:29,14.0,2,69.78602620087337
2025-04-10 18:53:29,14.333333333333334,2,69.78602620087337
2025-04-10 18:53:29,14.666666666666666,2,69.78602620087337
2025-04-10 18:53:29,15.0,2,69.78602620087337
2025-04-10 18:53:29,15.333333333333334,2,69.78602620087337
2025-04-10 18:53:29,15.666666666666666,2,69.78602620087337
2025-04-10 18:53:29,16.0,2,69.78602620087337
2025-04-10 18:53:29,16.333333333333332,2,69.78602620087337
2025-04-10 18:53:29,16.666666666666668,2,69.78602620087337
2025-04-10 18:53:29,17.0,2,69.78602620087337
2025-04-10 18:53:29,17.333333333333332,2,69.78602620087337
2025-04-10 18:53:29,17.666666666666668,2,69.78602620087337
2025-04-10 18:53:29,18.0,2,69.78602620087337
2025-04-10 18:53:29,18.333333333333332,2,69.78602620087337
2025-04-10 18:53:29,18.666666666666668,2,69.78602620087337
2025-04-10 18:53:29,28.5,2,70.5021645021645
2025-04-10 18:53:29,29.0,2,70.5021645021645
2025-04-10 18:53:29,29.5,2,70.5021645021645
2025-04-10 18:53:29,30.0,2,70.5021645021645
2025-04-10 18:53:29,30.5,2,70.5021645021645
2025-04-10 18:53:29,7.0,1,70.5021645021645
2025-04-10 18:53:29,7.25,1,70.5021645021645
2025-04-10 18:53:29,7.5,1,70.5021645021645
2025-04-10 18:53:29,7.75,1,70.5021645021645
2025-04-10 18:53:29,8.0,1,70.5021645021645
2025-04-10 18:53:29,8.25,1,70.5021645021645
2025-04-10 18:53:29,8.5,1,70.5021645021645
2025-04-10 18:53:29,8.75,1,70.5021645021645
2025-04-10 18:53:29,9.0,1,70.5021645021645
2025-04-10 18:53:29,9.25,1,70.5021645021645
2025-04-10 18:53:29,9.5,1,70.5021645021645
2025-04-10 18:53:29,9.75,1,70.5021645021645
2025-04-10 18:53:29,10.0,1,70.5021645021645
2025-04-10 18:53:29,10.25,1,70.5021645021645
2025-04-10 18:53:29,14.0,1,70.78017241379311
2025-04-10 18:53:29,14.333333333333334,1,70.78017241379311
2025-04-10 18:53:29,0.0,0,70.78017241379311
2025-04-10 18:53:29,0.0,0,70.78017241379311
2025-04-10 18:53:29,0.0,0,71.3304721030043
2025-04-10 18:53:29,0.0,0,71.3304721030043
2025-04-10 18:53:29,0.0,0,71.3304721030043
2025-04-10 18:53:29,0.0,0,71.3304721030043
2025-04-10 18:53:29,0.0,0,71.3304721030043
2025-04-10 18:53:29,0.0,0,71.3304721030043
2025-04-10 18:53:29,0.0,0,71.3304721030043
2025-04-10 18:53:29,0.0,0,71.3304721030043
2025-04-10 18:53:29,0.0,0,71.3304721030043
2025-04-10 18:53:29,0.0,0,71.3304721030043
2025-04-10 18:53:29,0.0,0,71.3304721030043
2025-04-10 18:53:29,0.0,0,71.81623931623932
2025-04-10 18:53:29,0.0,0,71.81623931623932
2025-04-10 18:53:29,0.0,0,71.81623931623932
2025-04-10 18:53:29,0.0,0,71.81623931623932
2025-04-10 18:53:29,0.0,0,71.81623931623932
2025-04-10 18:53:29,0.0,0,71.81623931623932
2025-04-10 18:53:29,0.0,0,71.81623931623932
2025-04-10 18:53:29,0.0,0,72.20851063829787
