timestamp,waiting_time,queue_length,travel_time,predictions,actual_flows
2025-04-10 21:13:34,0.0,0,0.0,0.0,0.0
2025-04-10 21:13:34,0.0,0,0.0,0.0,0.0
2025-04-10 21:13:34,0.0,0,0.0,0.0,0.0
2025-04-10 21:13:34,0.0,0,0.0,0.0,0.0
2025-04-10 21:13:34,0.0,0,0.0,0.0,0.0
2025-04-10 21:13:34,0.0,0,0.0,0.0,0.0
2025-04-10 21:13:34,0.0,0,0.0,0.0,0.0
2025-04-10 21:13:34,0.0,1,0.0,0.0,0.0
2025-04-10 21:13:34,0.0,0,0.0,0.0,0.0
2025-04-10 21:13:34,0.0,0,0.0,0.0,0.0
2025-04-10 21:13:34,0.0,0,0.0,0.0,0.0
2025-04-10 21:13:34,0.0,0,0.0,0.0,0.0
2025-04-10 21:13:34,0.0,0,0.0,0.0,0.0
2025-04-10 21:13:34,0.0,1,0.0,0.0,0.0
2025-04-10 21:13:34,0.0,1,0.0,0.0,0.0
2025-04-10 21:13:34,0.0,0,0.0,0.0,0.0
2025-04-10 21:13:34,0.0,0,0.0,0.0,0.0
2025-04-10 21:13:34,0.0,1,0.0,0.0,0.0
2025-04-10 21:13:34,0.0,0,0.0,0.0,0.0
2025-04-10 21:13:34,0.0,0,0.0,0.0,0.0
2025-04-10 21:13:35,0.0,0,0.0,0.0,0.0
2025-04-10 21:13:35,0.0,1,0.0,0.0,0.0
2025-04-10 21:13:35,0.0,0,0.0,0.0,0.0
2025-04-10 21:13:35,0.0,0,0.0,0.0,0.0
2025-04-10 21:13:35,0.0,1,0.0,0.0,0.0
2025-04-10 21:13:35,0.0,0,0.0,0.0,0.0
2025-04-10 21:13:35,0.0,0,13.0,0.0,0.0
2025-04-10 21:13:35,0.16666666666666666,2,13.0,0.0,0.0
2025-04-10 21:13:35,0.2857142857142857,2,13.0,0.0,0.0
2025-04-10 21:13:35,0.375,2,13.0,0.0,0.0
2025-04-10 21:13:35,0.5,1,13.0,0.0,0.0
2025-04-10 21:13:35,0.625,1,13.0,0.0,0.0
2025-04-10 21:13:35,0.0,0,13.0,0.0,0.0
2025-04-10 21:13:35,0.0,0,13.0,0.0,0.0
2025-04-10 21:13:35,0.0,0,13.0,0.9631181955337524,8.0
2025-04-10 21:13:42,0.0,0,13.0,0.9631181955337524,8.0
2025-04-10 21:13:42,0.125,1,13.0,0.9631181955337524,8.0
2025-04-10 21:13:42,0.25,1,13.0,0.9631181955337524,8.0
2025-04-10 21:13:42,0.375,1,13.0,0.9631181955337524,8.0
2025-04-10 21:13:42,0.4444444444444444,2,13.0,1.1036075353622437,9.0
2025-04-10 21:13:42,0.5555555555555556,1,13.0,1.1036075353622437,9.0
2025-04-10 21:13:42,0.75,1,23.5,1.1036075353622437,9.0
2025-04-10 21:13:42,0.875,1,23.5,1.1036075353622437,9.0
2025-04-10 21:13:42,1.0,1,23.5,1.1036075353622437,9.0
2025-04-10 21:13:42,1.125,1,23.5,1.1398468017578125,8.0
2025-04-10 21:13:42,1.25,1,23.5,1.1398468017578125,8.0
2025-04-10 21:13:42,1.5,2,23.5,1.1398468017578125,8.0
2025-04-10 21:13:42,1.75,2,23.5,1.1398468017578125,8.0
2025-04-10 21:13:42,2.0,2,23.5,1.1398468017578125,8.0
2025-04-10 21:13:42,2.25,2,23.5,1.1291565895080566,8.0
2025-04-10 21:13:42,2.2222222222222223,3,23.5,1.1291565895080566,8.0
2025-04-10 21:13:42,2.2,3,23.5,1.1291565895080566,8.0
2025-04-10 21:13:42,2.1818181818181817,3,23.5,1.1291565895080566,8.0
2025-04-10 21:13:42,2.1666666666666665,3,23.5,1.1291565895080566,8.0
2025-04-10 21:13:42,2.5454545454545454,2,28.0,1.151827096939087,11.0
2025-04-10 21:13:42,2.727272727272727,3,25.0,1.151827096939087,11.0
2025-04-10 21:13:42,2.909090909090909,2,25.0,1.151827096939087,11.0
2025-04-10 21:13:42,3.090909090909091,2,25.0,1.151827096939087,11.0
2025-04-10 21:13:42,3.272727272727273,2,25.0,1.151827096939087,11.0
2025-04-10 21:13:42,3.4545454545454546,2,25.0,1.445701003074646,11.0
2025-04-10 21:13:43,3.3333333333333335,3,25.0,1.445701003074646,11.0
2025-04-10 21:13:43,3.230769230769231,3,25.0,1.445701003074646,11.0
2025-04-10 21:13:43,3.3846153846153846,2,25.0,1.445701003074646,11.0
2025-04-10 21:13:43,3.2857142857142856,3,25.0,1.445701003074646,11.0
2025-04-10 21:13:43,3.5,3,25.0,1.531012773513794,14.0
2025-04-10 21:13:43,3.533333333333333,5,25.0,1.531012773513794,14.0
2025-04-10 21:13:43,3.5625,5,25.0,1.531012773513794,14.0
2025-04-10 21:13:43,3.875,5,25.0,1.531012773513794,14.0
2025-04-10 21:13:43,4.6,7,23.0,1.531012773513794,14.0
2025-04-10 21:13:43,4.75,8,23.0,1.876836895942688,16.0
2025-04-10 21:13:43,3.625,6,23.0,1.876836895942688,16.0
2025-04-10 21:13:43,3.764705882352941,7,23.0,1.876836895942688,16.0
2025-04-10 21:13:43,4.176470588235294,7,23.0,1.876836895942688,16.0
2025-04-10 21:13:43,4.875,7,22.166666666666668,1.876836895942688,16.0
2025-04-10 21:13:43,5.0,8,22.166666666666668,2.2164392471313477,17.0
2025-04-10 21:13:43,5.411764705882353,7,22.166666666666668,2.2164392471313477,17.0
2025-04-10 21:13:43,5.823529411764706,7,22.166666666666668,2.2164392471313477,17.0
2025-04-10 21:13:43,6.6875,8,22.571428571428573,2.2164392471313477,17.0
2025-04-10 21:13:43,7.1875,8,22.571428571428573,2.2164392471313477,17.0
2025-04-10 21:13:43,7.235294117647059,9,22.571428571428573,2.356280565261841,17.0
2025-04-10 21:13:43,8.1875,8,21.875,2.356280565261841,17.0
2025-04-10 21:13:43,8.6875,8,21.875,2.356280565261841,17.0
2025-04-10 21:13:43,8.647058823529411,9,21.875,2.356280565261841,17.0
2025-04-10 21:13:43,9.6875,8,25.666666666666668,2.356280565261841,17.0
2025-04-10 21:13:43,12.538461538461538,8,22.75,2.3593826293945312,13.0
2025-04-10 21:13:43,13.153846153846153,8,22.75,2.3593826293945312,13.0
2025-04-10 21:13:43,15.0,9,21.53846153846154,2.3593826293945312,13.0
2025-04-10 21:13:43,15.75,9,21.53846153846154,2.3593826293945312,13.0
2025-04-10 21:13:43,16.5,9,21.53846153846154,2.3593826293945312,13.0
2025-04-10 21:13:43,15.416666666666666,8,21.53846153846154,2.0705554485321045,12.0
2025-04-10 21:13:44,15.666666666666666,7,21.53846153846154,2.0705554485321045,12.0
2025-04-10 21:13:44,16.25,7,21.53846153846154,2.0705554485321045,12.0
2025-04-10 21:13:44,16.833333333333332,7,21.53846153846154,2.0705554485321045,12.0
2025-04-10 21:13:44,16.076923076923077,8,21.53846153846154,2.0705554485321045,12.0
2025-04-10 21:13:44,15.428571428571429,8,21.53846153846154,1.6409051418304443,14.0
2025-04-10 21:13:44,15.928571428571429,7,21.53846153846154,1.6409051418304443,14.0
2025-04-10 21:13:44,16.428571428571427,7,21.53846153846154,1.6409051418304443,14.0
2025-04-10 21:13:44,16.928571428571427,7,21.53846153846154,1.6409051418304443,14.0
2025-04-10 21:13:44,17.428571428571427,7,21.53846153846154,1.6409051418304443,14.0
2025-04-10 21:13:44,17.928571428571427,7,21.53846153846154,13.339786529541016,14.0
2025-04-10 21:13:50,19.846153846153847,7,22.785714285714285,13.339786529541016,14.0
2025-04-10 21:13:50,18.928571428571427,8,22.785714285714285,13.339786529541016,14.0
2025-04-10 21:13:50,19.428571428571427,7,22.785714285714285,13.339786529541016,14.0
2025-04-10 21:13:50,18.6,8,22.785714285714285,13.339786529541016,14.0
2025-04-10 21:13:50,17.875,8,22.785714285714285,14.153971672058105,16.0
2025-04-10 21:13:51,18.3125,7,22.785714285714285,14.153971672058105,16.0
2025-04-10 21:13:51,18.75,7,22.785714285714285,14.153971672058105,16.0
2025-04-10 21:13:51,19.1875,7,22.785714285714285,14.153971672058105,16.0
2025-04-10 21:13:51,17.0,6,22.785714285714285,14.153971672058105,16.0
2025-04-10 21:13:51,17.375,6,22.785714285714285,14.948567390441895,16.0
2025-04-10 21:13:51,19.0,7,24.6,14.948567390441895,16.0
2025-04-10 21:13:51,19.533333333333335,8,24.6,14.948567390441895,16.0
2025-04-10 21:13:51,20.066666666666666,8,24.6,14.948567390441895,16.0
2025-04-10 21:13:51,20.6,9,27.0,14.948567390441895,16.0
2025-04-10 21:13:51,21.133333333333333,8,27.0,15.265594482421875,15.0
2025-04-10 21:13:51,21.733333333333334,9,27.0,15.265594482421875,15.0
2025-04-10 21:13:51,22.333333333333332,9,27.0,15.265594482421875,15.0
2025-04-10 21:13:51,21.5,10,27.0,15.265594482421875,15.0
2025-04-10 21:13:51,22.0625,10,26.294117647058822,15.265594482421875,15.0
2025-04-10 21:13:51,22.625,9,26.294117647058822,15.080673217773438,16.0
2025-04-10 21:13:51,23.1875,9,26.294117647058822,15.080673217773438,16.0
2025-04-10 21:13:51,23.75,9,26.294117647058822,15.080673217773438,16.0
2025-04-10 21:13:51,24.3125,9,26.294117647058822,15.080673217773438,16.0
2025-04-10 21:13:51,24.875,9,26.294117647058822,15.080673217773438,16.0
2025-04-10 21:13:51,18.705882352941178,9,26.294117647058822,15.599400520324707,17.0
2025-04-10 21:13:51,15.588235294117647,7,26.294117647058822,15.599400520324707,17.0
2025-04-10 21:13:51,15.294117647058824,6,26.294117647058822,15.599400520324707,17.0
2025-04-10 21:13:51,14.777777777777779,7,26.294117647058822,15.599400520324707,17.0
2025-04-10 21:13:51,15.11111111111111,6,26.294117647058822,15.599400520324707,17.0
2025-04-10 21:13:51,15.444444444444445,6,26.294117647058822,16.485210418701172,18.0
2025-04-10 21:13:51,14.947368421052632,7,26.294117647058822,16.485210418701172,18.0
2025-04-10 21:13:51,15.263157894736842,6,26.294117647058822,16.485210418701172,18.0
2025-04-10 21:13:51,16.444444444444443,6,27.0,16.485210418701172,18.0
2025-04-10 21:13:51,17.764705882352942,6,25.894736842105264,16.485210418701172,18.0
2025-04-10 21:13:51,18.11764705882353,6,25.894736842105264,17.29042625427246,17.0
2025-04-10 21:13:51,18.470588235294116,6,25.894736842105264,17.29042625427246,17.0
2025-04-10 21:13:51,18.823529411764707,6,25.894736842105264,17.29042625427246,17.0
2025-04-10 21:13:51,18.11111111111111,7,25.894736842105264,17.29042625427246,17.0
2025-04-10 21:13:51,19.529411764705884,6,26.45,17.29042625427246,17.0
2025-04-10 21:13:51,18.833333333333332,8,26.45,17.254079818725586,18.0
2025-04-10 21:13:52,15.705882352941176,5,26.476190476190474,17.254079818725586,18.0
2025-04-10 21:13:52,11.705882352941176,5,26.476190476190474,17.254079818725586,18.0
2025-04-10 21:13:52,7.823529411764706,4,26.476190476190474,17.254079818725586,18.0
2025-04-10 21:13:52,4.117647058823529,3,26.476190476190474,17.254079818725586,18.0
2025-04-10 21:13:52,2.4375,2,29.5,16.66986083984375,16.0
2025-04-10 21:13:52,2.7333333333333334,2,31.52173913043478,16.66986083984375,16.0
2025-04-10 21:13:52,2.8666666666666667,2,31.52173913043478,16.66986083984375,16.0
2025-04-10 21:13:52,3.2142857142857144,2,30.625,16.66986083984375,16.0
2025-04-10 21:13:52,3.6153846153846154,2,34.16,16.66986083984375,16.0
2025-04-10 21:13:52,3.769230769230769,2,34.16,15.192987442016602,13.0
2025-04-10 21:13:52,3.923076923076923,2,34.16,15.192987442016602,13.0
2025-04-10 21:13:52,4.153846153846154,3,34.16,15.192987442016602,13.0
2025-04-10 21:13:52,4.384615384615385,3,34.16,15.192987442016602,13.0
2025-04-10 21:13:52,5.0,3,37.80769230769231,15.192987442016602,13.0
2025-04-10 21:13:52,6.3,3,44.607142857142854,13.23218059539795,10.0
2025-04-10 21:13:52,6.0,4,44.607142857142854,13.23218059539795,10.0
2025-04-10 21:13:52,6.9,3,45.62068965517241,13.23218059539795,10.0
2025-04-10 21:13:52,7.2,3,45.62068965517241,13.23218059539795,10.0
2025-04-10 21:13:52,7.5,3,45.62068965517241,13.23218059539795,10.0
2025-04-10 21:13:52,7.8,3,45.62068965517241,11.728665351867676,10.0
2025-04-10 21:13:52,7.363636363636363,4,45.62068965517241,11.728665351867676,10.0
2025-04-10 21:13:52,7.636363636363637,3,45.62068965517241,11.728665351867676,10.0
2025-04-10 21:13:52,7.25,4,45.62068965517241,11.728665351867676,10.0
2025-04-10 21:13:52,7.5,4,45.6,11.728665351867676,10.0
2025-04-10 21:13:52,8.454545454545455,3,45.225806451612904,11.344001770019531,11.0
2025-04-10 21:13:52,8.727272727272727,3,45.225806451612904,11.344001770019531,11.0
2025-04-10 21:13:52,9.9,3,44.15625,11.344001770019531,11.0
2025-04-10 21:13:52,10.2,4,44.72727272727273,11.344001770019531,11.0
2025-04-10 21:13:52,10.5,3,44.72727272727273,11.344001770019531,11.0
2025-04-10 21:13:52,10.9,4,44.72727272727273,11.365482330322266,10.0
2025-04-10 21:13:53,11.3,4,44.72727272727273,11.365482330322266,10.0
2025-04-10 21:13:53,11.7,4,44.72727272727273,11.365482330322266,10.0
2025-04-10 21:13:53,12.1,4,44.72727272727273,11.365482330322266,10.0
2025-04-10 21:13:53,12.5,4,44.72727272727273,11.365482330322266,10.0
2025-04-10 21:13:53,12.9,4,44.72727272727273,10.819543838500977,10.0
2025-04-10 21:13:53,13.3,4,44.72727272727273,10.819543838500977,10.0
2025-04-10 21:13:53,13.7,5,47.970588235294116,10.819543838500977,10.0
2025-04-10 21:13:53,14.1,4,47.970588235294116,10.819543838500977,10.0
2025-04-10 21:13:53,7.6,3,47.970588235294116,10.819543838500977,10.0
2025-04-10 21:13:53,4.545454545454546,3,47.970588235294116,10.816214561462402,11.0
2025-04-10 21:13:53,4.0,1,47.08571428571429,10.816214561462402,11.0
2025-04-10 21:13:53,4.1,1,47.08571428571429,10.816214561462402,11.0
2025-04-10 21:13:53,4.2,1,47.08571428571429,10.816214561462402,11.0
2025-04-10 21:13:53,4.777777777777778,1,49.02777777777778,10.816214561462402,11.0
2025-04-10 21:13:53,4.888888888888889,1,49.02777777777778,10.64476203918457,9.0
2025-04-10 21:13:53,5.0,1,49.02777777777778,10.64476203918457,9.0
2025-04-10 21:13:53,5.111111111111111,1,49.02777777777778,10.64476203918457,9.0
2025-04-10 21:13:53,5.222222222222222,1,49.02777777777778,10.64476203918457,9.0
2025-04-10 21:13:53,5.333333333333333,1,49.02777777777778,10.64476203918457,9.0
2025-04-10 21:13:53,5.444444444444445,1,49.02777777777778,10.217792510986328,9.0
2025-04-10 21:13:53,5.666666666666667,2,49.02777777777778,10.217792510986328,9.0
2025-04-10 21:13:53,5.888888888888889,2,49.02777777777778,10.217792510986328,9.0
2025-04-10 21:13:53,6.222222222222222,3,49.02777777777778,10.217792510986328,9.0
2025-04-10 21:13:53,6.555555555555555,3,49.02777777777778,10.217792510986328,9.0
2025-04-10 21:13:53,6.888888888888889,3,49.02777777777778,9.965951919555664,9.0
2025-04-10 21:13:53,5.9,3,49.02777777777778,9.965951919555664,9.0
2025-04-10 21:13:53,6.777777777777778,2,49.24324324324324,9.965951919555664,9.0
2025-04-10 21:13:53,7.0,2,49.24324324324324,9.965951919555664,9.0
2025-04-10 21:13:53,7.333333333333333,4,48.76315789473684,9.965951919555664,9.0
2025-04-10 21:13:53,6.9,4,48.76315789473684,11.360515594482422,10.0
2025-04-10 21:14:00,7.2,3,48.76315789473684,11.360515594482422,10.0
2025-04-10 21:14:00,7.5,3,48.76315789473684,11.360515594482422,10.0
2025-04-10 21:14:00,8.666666666666666,3,48.1025641025641,11.360515594482422,10.0
2025-04-10 21:14:00,10.125,3,47.025,11.360515594482422,10.0
2025-04-10 21:14:00,10.5,3,47.025,11.344468116760254,8.0
2025-04-10 21:14:00,10.875,3,47.025,11.344468116760254,8.0
2025-04-10 21:14:00,12.857142857142858,3,48.609756097560975,11.344468116760254,8.0
2025-04-10 21:14:00,15.5,3,49.595238095238095,11.344468116760254,8.0
2025-04-10 21:14:00,13.714285714285714,4,49.595238095238095,11.344468116760254,8.0
2025-04-10 21:14:00,12.375,4,49.595238095238095,10.474405288696289,8.0
2025-04-10 21:14:00,12.75,3,49.595238095238095,10.474405288696289,8.0
2025-04-10 21:14:00,11.666666666666666,4,49.595238095238095,10.474405288696289,8.0
2025-04-10 21:14:00,12.0,3,49.595238095238095,10.474405288696289,8.0
2025-04-10 21:14:00,12.333333333333334,3,49.595238095238095,10.474405288696289,8.0
2025-04-10 21:14:00,14.25,3,48.883720930232556,10.33318042755127,8.0
2025-04-10 21:14:00,13.0,4,48.883720930232556,10.33318042755127,8.0
2025-04-10 21:14:00,9.6,4,48.883720930232556,10.33318042755127,8.0
2025-04-10 21:14:00,9.0,4,48.883720930232556,10.33318042755127,8.0
2025-04-10 21:14:00,10.2,3,47.84090909090909,10.33318042755127,8.0
2025-04-10 21:14:00,10.5,3,47.84090909090909,11.450979232788086,10.0
2025-04-10 21:14:01,10.8,3,47.84090909090909,11.450979232788086,10.0
2025-04-10 21:14:01,11.1,3,47.84090909090909,11.450979232788086,10.0
2025-04-10 21:14:01,11.4,3,47.84090909090909,11.450979232788086,10.0
2025-04-10 21:14:01,11.7,3,47.84090909090909,11.450979232788086,10.0
2025-04-10 21:14:01,10.909090909090908,4,47.84090909090909,12.100960731506348,11.0
2025-04-10 21:14:01,10.25,4,47.84090909090909,12.100960731506348,11.0
2025-04-10 21:14:01,10.5,3,47.84090909090909,12.100960731506348,11.0
2025-04-10 21:14:01,9.923076923076923,4,47.84090909090909,12.100960731506348,11.0
2025-04-10 21:14:01,10.153846153846153,3,47.84090909090909,12.100960731506348,11.0
2025-04-10 21:14:01,11.25,3,48.266666666666666,13.133305549621582,12.0
2025-04-10 21:14:01,10.615384615384615,4,48.266666666666666,13.133305549621582,12.0
2025-04-10 21:14:01,10.846153846153847,3,48.266666666666666,13.133305549621582,12.0
2025-04-10 21:14:01,4.0,2,48.266666666666666,13.133305549621582,12.0
2025-04-10 21:14:01,4.230769230769231,3,48.266666666666666,13.133305549621582,12.0
2025-04-10 21:14:01,4.461538461538462,3,48.266666666666666,14.353785514831543,13.0
2025-04-10 21:14:01,4.6923076923076925,3,48.266666666666666,14.353785514831543,13.0
2025-04-10 21:14:01,4.923076923076923,3,48.266666666666666,14.353785514831543,13.0
2025-04-10 21:14:01,5.153846153846154,3,48.266666666666666,14.353785514831543,13.0
2025-04-10 21:14:01,5.384615384615385,3,48.266666666666666,14.353785514831543,13.0
2025-04-10 21:14:01,5.214285714285714,4,48.266666666666666,14.70693302154541,14.0
2025-04-10 21:14:01,5.133333333333334,5,48.266666666666666,14.70693302154541,14.0
2025-04-10 21:14:01,5.0625,5,48.266666666666666,14.70693302154541,14.0
2025-04-10 21:14:01,5.3125,4,48.266666666666666,14.70693302154541,14.0
2025-04-10 21:14:01,5.235294117647059,5,48.266666666666666,14.70693302154541,14.0
2025-04-10 21:14:01,5.470588235294118,4,48.266666666666666,16.145063400268555,17.0
2025-04-10 21:14:01,5.705882352941177,4,48.266666666666666,16.145063400268555,17.0
2025-04-10 21:14:01,5.9411764705882355,4,48.266666666666666,16.145063400268555,17.0
2025-04-10 21:14:01,6.176470588235294,4,48.266666666666666,16.145063400268555,17.0
2025-04-10 21:14:01,5.470588235294118,3,48.266666666666666,16.145063400268555,17.0
2025-04-10 21:14:01,4.777777777777778,3,48.266666666666666,18.04883575439453,18.0
2025-04-10 21:14:01,4.684210526315789,4,48.266666666666666,18.04883575439453,18.0
2025-04-10 21:14:01,4.842105263157895,3,48.266666666666666,18.04883575439453,18.0
2025-04-10 21:14:01,5.052631578947368,4,48.266666666666666,18.04883575439453,18.0
2025-04-10 21:14:01,5.0,5,48.266666666666666,18.04883575439453,18.0
2025-04-10 21:14:01,5.2,4,48.266666666666666,19.637287139892578,20.0
2025-04-10 21:14:02,5.4,4,48.266666666666666,19.637287139892578,20.0
2025-04-10 21:14:02,5.6,4,48.266666666666666,19.637287139892578,20.0
2025-04-10 21:14:02,5.85,5,48.266666666666666,19.637287139892578,20.0
2025-04-10 21:14:02,6.1,5,48.266666666666666,19.637287139892578,20.0
2025-04-10 21:14:02,6.35,5,48.266666666666666,21.128629684448242,20.0
2025-04-10 21:14:02,7.0,6,50.17391304347826,21.128629684448242,20.0
2025-04-10 21:14:02,7.315789473684211,6,50.17391304347826,21.128629684448242,20.0
2025-04-10 21:14:02,7.25,7,50.17391304347826,21.128629684448242,20.0
2025-04-10 21:14:02,7.55,6,50.17391304347826,21.128629684448242,20.0
2025-04-10 21:14:02,7.476190476190476,7,50.17391304347826,21.326316833496094,21.0
2025-04-10 21:14:02,7.809523809523809,7,50.17391304347826,21.326316833496094,21.0
2025-04-10 21:14:02,8.55,7,49.93617021276596,21.326316833496094,21.0
2025-04-10 21:14:02,8.9,7,49.93617021276596,21.326316833496094,21.0
2025-04-10 21:14:02,8.80952380952381,8,49.93617021276596,21.326316833496094,21.0
2025-04-10 21:14:02,9.19047619047619,8,49.93617021276596,21.67064666748047,21.0
2025-04-10 21:14:02,10.578947368421053,8,49.44897959183673,21.67064666748047,21.0
2025-04-10 21:14:02,11.052631578947368,9,49.44897959183673,21.67064666748047,21.0
2025-04-10 21:14:02,11.526315789473685,9,49.44897959183673,21.67064666748047,21.0
2025-04-10 21:14:02,12.0,9,49.44897959183673,21.67064666748047,21.0
2025-04-10 21:14:02,13.222222222222221,10,49.62,21.15172004699707,18.0
2025-04-10 21:14:02,13.777777777777779,10,49.62,21.15172004699707,18.0
2025-04-10 21:14:02,14.333333333333334,10,49.62,21.15172004699707,18.0
2025-04-10 21:14:02,14.105263157894736,11,49.62,21.15172004699707,18.0
2025-04-10 21:14:02,14.631578947368421,10,49.62,21.15172004699707,18.0
2025-04-10 21:14:02,16.0,10,49.23529411764706,19.96211051940918,18.0
2025-04-10 21:14:02,16.61111111111111,11,49.23529411764706,19.96211051940918,18.0
2025-04-10 21:14:02,17.22222222222222,11,49.23529411764706,19.96211051940918,18.0
2025-04-10 21:14:02,16.894736842105264,12,49.23529411764706,19.96211051940918,18.0
2025-04-10 21:14:02,17.526315789473685,12,49.23529411764706,19.96211051940918,18.0
2025-04-10 21:14:02,18.157894736842106,12,49.23529411764706,19.854541778564453,19.0
2025-04-10 21:14:03,19.833333333333332,12,49.75,19.854541778564453,19.0
2025-04-10 21:14:03,20.5,12,49.75,19.854541778564453,19.0
2025-04-10 21:14:03,20.05263157894737,13,49.75,19.854541778564453,19.0
2025-04-10 21:14:03,21.833333333333332,12,49.471698113207545,19.854541778564453,19.0
2025-04-10 21:14:03,17.444444444444443,12,49.471698113207545,19.767486572265625,18.0
2025-04-10 21:14:03,13.944444444444445,11,49.471698113207545,19.767486572265625,18.0
2025-04-10 21:14:03,12.222222222222221,10,49.471698113207545,19.767486572265625,18.0
2025-04-10 21:14:03,9.947368421052632,10,49.471698113207545,19.767486572265625,18.0
2025-04-10 21:14:03,8.473684210526315,8,49.471698113207545,19.767486572265625,18.0
2025-04-10 21:14:03,8.105263157894736,7,49.471698113207545,19.747602462768555,19.0
2025-04-10 21:14:03,8.555555555555555,6,51.05555555555556,19.747602462768555,19.0
2025-04-10 21:14:03,8.88888888888889,6,51.05555555555556,19.747602462768555,19.0
2025-04-10 21:14:03,9.222222222222221,6,51.05555555555556,19.747602462768555,19.0
2025-04-10 21:14:03,9.555555555555555,6,51.05555555555556,19.747602462768555,19.0
2025-04-10 21:14:03,9.88888888888889,6,51.05555555555556,17.876426696777344,18.0
2025-04-10 21:14:10,9.736842105263158,8,51.05555555555556,17.876426696777344,18.0
2025-04-10 21:14:10,10.105263157894736,7,51.05555555555556,17.876426696777344,18.0
2025-04-10 21:14:10,10.473684210526315,7,51.05555555555556,17.876426696777344,18.0
2025-04-10 21:14:10,10.842105263157896,7,51.05555555555556,17.876426696777344,18.0
2025-04-10 21:14:10,11.210526315789474,7,51.05555555555556,18.095888137817383,19.0
2025-04-10 21:14:10,11.631578947368421,8,51.05555555555556,18.095888137817383,19.0
2025-04-10 21:14:10,12.052631578947368,8,51.05555555555556,18.095888137817383,19.0
2025-04-10 21:14:10,12.473684210526315,8,51.05555555555556,18.095888137817383,19.0
2025-04-10 21:14:10,12.947368421052632,9,51.05555555555556,18.095888137817383,19.0
2025-04-10 21:14:10,11.263157894736842,8,51.05555555555556,18.550556182861328,19.0
2025-04-10 21:14:10,9.1,8,51.05555555555556,18.550556182861328,19.0
2025-04-10 21:14:10,7.190476190476191,7,51.05555555555556,18.550556182861328,19.0
2025-04-10 21:14:10,7.476190476190476,6,51.05555555555556,18.550556182861328,19.0
2025-04-10 21:14:10,8.15,6,51.872727272727275,18.550556182861328,19.0
2025-04-10 21:14:10,8.047619047619047,7,51.872727272727275,19.368804931640625,21.0
2025-04-10 21:14:10,8.333333333333334,6,51.872727272727275,19.368804931640625,21.0
2025-04-10 21:14:10,8.619047619047619,6,51.872727272727275,19.368804931640625,21.0
2025-04-10 21:14:10,8.904761904761905,6,51.872727272727275,19.368804931640625,21.0
2025-04-10 21:14:10,9.238095238095237,7,51.872727272727275,19.368804931640625,21.0
2025-04-10 21:14:10,9.571428571428571,7,51.872727272727275,20.32061004638672,21.0
2025-04-10 21:14:10,10.4,7,53.517857142857146,20.32061004638672,21.0
2025-04-10 21:14:10,10.75,7,53.517857142857146,20.32061004638672,21.0
2025-04-10 21:14:10,11.68421052631579,7,53.63157894736842,20.32061004638672,21.0
2025-04-10 21:14:10,12.052631578947368,7,53.63157894736842,20.32061004638672,21.0
2025-04-10 21:14:10,12.421052631578947,8,53.258620689655174,19.674406051635742,19.0
2025-04-10 21:14:11,12.15,8,53.258620689655174,19.674406051635742,19.0
2025-04-10 21:14:11,11.904761904761905,8,53.258620689655174,19.674406051635742,19.0
2025-04-10 21:14:11,12.85,7,54.3728813559322,19.674406051635742,19.0
2025-04-10 21:14:11,10.263157894736842,6,55.61666666666667,19.674406051635742,19.0
2025-04-10 21:14:11,7.157894736842105,5,55.61666666666667,19.12346839904785,19.0
2025-04-10 21:14:11,4.894736842105263,5,56.01639344262295,19.12346839904785,19.0
2025-04-10 21:14:11,5.105263157894737,4,56.01639344262295,19.12346839904785,19.0
2025-04-10 21:14:11,5.05,5,56.01639344262295,19.12346839904785,19.0
2025-04-10 21:14:11,5.526315789473684,4,56.62903225806452,19.12346839904785,19.0
2025-04-10 21:14:11,5.7368421052631575,4,56.62903225806452,19.0086727142334,19.0
2025-04-10 21:14:11,5.947368421052632,4,56.62903225806452,19.0086727142334,19.0
2025-04-10 21:14:11,5.85,5,56.62903225806452,19.0086727142334,19.0
2025-04-10 21:14:11,5.809523809523809,6,56.62903225806452,19.0086727142334,19.0
2025-04-10 21:14:11,6.25,4,56.61904761904762,19.0086727142334,19.0
2025-04-10 21:14:11,6.7894736842105265,4,56.703125,19.036314010620117,19.0
2025-04-10 21:14:11,7.388888888888889,4,57.52307692307692,19.036314010620117,19.0
2025-04-10 21:14:11,7.611111111111111,4,57.52307692307692,19.036314010620117,19.0
2025-04-10 21:14:11,8.352941176470589,5,58.42424242424242,19.036314010620117,19.0
2025-04-10 21:14:11,8.647058823529411,5,58.42424242424242,19.036314010620117,19.0
2025-04-10 21:14:11,6.294117647058823,4,58.42424242424242,18.111343383789062,17.0
2025-04-10 21:14:11,6.529411764705882,4,58.42424242424242,18.111343383789062,17.0
2025-04-10 21:14:11,7.1875,4,57.791044776119406,18.111343383789062,17.0
2025-04-10 21:14:11,7.4375,4,57.791044776119406,18.111343383789062,17.0
2025-04-10 21:14:11,8.785714285714286,4,59.65217391304348,18.111343383789062,17.0
2025-04-10 21:14:11,9.071428571428571,4,59.65217391304348,16.07143783569336,14.0
2025-04-10 21:14:11,9.357142857142858,4,59.65217391304348,16.07143783569336,14.0
2025-04-10 21:14:11,9.642857142857142,4,59.65217391304348,16.07143783569336,14.0
2025-04-10 21:14:11,9.928571428571429,4,59.65217391304348,16.07143783569336,14.0
2025-04-10 21:14:11,10.285714285714286,5,59.65217391304348,16.07143783569336,14.0
2025-04-10 21:14:11,10.0,7,59.65217391304348,14.693246841430664,15.0
2025-04-10 21:14:11,9.75,7,59.65217391304348,14.693246841430664,15.0
2025-04-10 21:14:11,9.529411764705882,7,59.65217391304348,14.693246841430664,15.0
2025-04-10 21:14:11,9.882352941176471,6,59.65217391304348,14.693246841430664,15.0
2025-04-10 21:14:11,10.294117647058824,7,59.65217391304348,14.693246841430664,15.0
2025-04-10 21:14:11,10.705882352941176,7,59.65217391304348,15.38100814819336,17.0
2025-04-10 21:14:12,7.823529411764706,6,59.65217391304348,15.38100814819336,17.0
2025-04-10 21:14:12,7.764705882352941,6,59.65217391304348,15.38100814819336,17.0
2025-04-10 21:14:12,8.117647058823529,6,59.65217391304348,15.38100814819336,17.0
2025-04-10 21:14:12,8.0,7,59.65217391304348,15.38100814819336,17.0
2025-04-10 21:14:12,7.894736842105263,7,59.65217391304348,16.89473533630371,19.0
2025-04-10 21:14:12,8.210526315789474,6,59.65217391304348,16.89473533630371,19.0
2025-04-10 21:14:12,8.578947368421053,7,59.65217391304348,16.89473533630371,19.0
2025-04-10 21:14:12,8.947368421052632,7,59.65217391304348,16.89473533630371,19.0
2025-04-10 21:14:12,9.368421052631579,8,59.65217391304348,16.89473533630371,19.0
2025-04-10 21:14:12,9.2,8,59.65217391304348,18.036840438842773,20.0
2025-04-10 21:14:12,9.095238095238095,8,59.65217391304348,18.036840438842773,20.0
2025-04-10 21:14:12,9.476190476190476,8,59.65217391304348,18.036840438842773,20.0
2025-04-10 21:14:12,10.35,9,59.46478873239437,18.036840438842773,20.0
2025-04-10 21:14:12,10.75,8,59.46478873239437,18.036840438842773,20.0
2025-04-10 21:14:12,11.736842105263158,8,60.111111111111114,19.238187789916992,19.0
2025-04-10 21:14:12,11.55,9,60.111111111111114,19.238187789916992,19.0
2025-04-10 21:14:12,11.95,8,60.111111111111114,19.238187789916992,19.0
2025-04-10 21:14:12,13.722222222222221,8,60.2972972972973,19.238187789916992,19.0
2025-04-10 21:14:12,14.166666666666666,8,60.2972972972973,19.238187789916992,19.0
2025-04-10 21:14:12,14.61111111111111,9,60.12,18.982585906982422,18.0
2025-04-10 21:14:12,15.055555555555555,8,60.12,18.982585906982422,18.0
2025-04-10 21:14:12,15.5,8,60.12,18.982585906982422,18.0
2025-04-10 21:14:12,15.944444444444445,8,60.12,18.982585906982422,18.0
2025-04-10 21:14:12,16.38888888888889,8,60.12,18.982585906982422,18.0
2025-04-10 21:14:12,16.833333333333332,8,60.12,17.954833984375,18.0
2025-04-10 21:14:12,17.27777777777778,8,60.12,17.954833984375,18.0
2025-04-10 21:14:12,17.77777777777778,9,60.12,17.954833984375,18.0
2025-04-10 21:14:12,18.27777777777778,9,60.12,17.954833984375,18.0
2025-04-10 21:14:12,18.833333333333332,10,60.12,17.954833984375,18.0
2025-04-10 21:14:12,18.36842105263158,11,60.12,17.71079444885254,19.0
2025-04-10 21:14:13,19.944444444444443,10,59.60526315789474,17.71079444885254,19.0
2025-04-10 21:14:13,20.5,10,59.60526315789474,17.71079444885254,19.0
2025-04-10 21:14:13,21.055555555555557,10,59.60526315789474,17.71079444885254,19.0
2025-04-10 21:14:13,21.61111111111111,10,59.60526315789474,17.71079444885254,19.0
2025-04-10 21:14:13,22.166666666666668,10,59.60526315789474,17.696434020996094,18.0
2025-04-10 21:14:13,22.72222222222222,10,59.60526315789474,17.696434020996094,18.0
2025-04-10 21:14:13,23.27777777777778,11,59.74025974025974,17.696434020996094,18.0
2025-04-10 21:14:13,23.833333333333332,10,59.74025974025974,17.696434020996094,18.0
2025-04-10 21:14:13,24.38888888888889,10,59.74025974025974,17.696434020996094,18.0
2025-04-10 21:14:13,18.789473684210527,10,59.74025974025974,18.158723831176758,19.0
2025-04-10 21:14:20,14.947368421052632,9,59.74025974025974,18.158723831176758,19.0
2025-04-10 21:14:20,12.842105263157896,8,59.74025974025974,18.158723831176758,19.0
2025-04-10 21:14:20,10.35,8,59.74025974025974,18.158723831176758,19.0
2025-04-10 21:14:20,8.8,6,59.74025974025974,18.158723831176758,19.0
2025-04-10 21:14:20,7.0476190476190474,6,59.74025974025974,19.171871185302734,21.0
2025-04-10 21:14:20,7.285714285714286,5,59.74025974025974,19.171871185302734,21.0
2025-04-10 21:14:20,7.2272727272727275,7,59.74025974025974,19.171871185302734,21.0
2025-04-10 21:14:20,6.590909090909091,5,59.74025974025974,19.171871185302734,21.0
2025-04-10 21:14:20,7.5,5,60.88607594936709,19.171871185302734,21.0
2025-04-10 21:14:20,7.75,5,60.88607594936709,20.41746711730957,20.0
2025-04-10 21:14:20,8.0,5,60.88607594936709,20.41746711730957,20.0
2025-04-10 21:14:20,8.25,5,60.88607594936709,20.41746711730957,20.0
2025-04-10 21:14:20,8.55,6,60.88607594936709,20.41746711730957,20.0
2025-04-10 21:14:20,8.75,5,60.88607594936709,20.41746711730957,20.0
2025-04-10 21:14:20,9.0,5,60.88607594936709,20.501779556274414,20.0
2025-04-10 21:14:20,8.80952380952381,6,60.88607594936709,20.501779556274414,20.0
2025-04-10 21:14:20,8.636363636363637,6,60.88607594936709,20.501779556274414,20.0
2025-04-10 21:14:20,8.954545454545455,7,60.88607594936709,20.501779556274414,20.0
2025-04-10 21:14:20,9.272727272727273,7,60.88607594936709,20.501779556274414,20.0
2025-04-10 21:14:20,11.105263157894736,7,61.86585365853659,20.645856857299805,19.0
2025-04-10 21:14:20,7.315789473684211,6,61.86585365853659,20.645856857299805,19.0
2025-04-10 21:14:20,7.631578947368421,6,61.86585365853659,20.645856857299805,19.0
2025-04-10 21:14:20,7.55,7,61.86585365853659,20.645856857299805,19.0
2025-04-10 21:14:20,7.85,6,61.86585365853659,20.645856857299805,19.0
2025-04-10 21:14:20,8.15,6,61.86585365853659,20.375085830688477,20.0
2025-04-10 21:14:21,8.45,6,61.86585365853659,20.375085830688477,20.0
2025-04-10 21:14:21,8.75,6,61.86585365853659,20.375085830688477,20.0
2025-04-10 21:14:21,9.05,6,61.86585365853659,20.375085830688477,20.0
2025-04-10 21:14:21,9.842105263157896,6,62.66265060240964,20.375085830688477,20.0
2025-04-10 21:14:21,10.722222222222221,6,62.392857142857146,19.450387954711914,18.0
2025-04-10 21:14:21,10.526315789473685,8,62.392857142857146,19.450387954711914,18.0
2025-04-10 21:14:21,10.894736842105264,7,62.392857142857146,19.450387954711914,18.0
2025-04-10 21:14:21,11.263157894736842,7,62.392857142857146,19.450387954711914,18.0
2025-04-10 21:14:21,11.1,9,62.392857142857146,19.450387954711914,18.0
2025-04-10 21:14:21,12.105263157894736,8,62.811764705882354,19.34079360961914,19.0
2025-04-10 21:14:21,12.526315789473685,8,62.811764705882354,19.34079360961914,19.0
2025-04-10 21:14:21,12.947368421052632,8,62.811764705882354,19.34079360961914,19.0
2025-04-10 21:14:21,13.368421052631579,8,62.811764705882354,19.34079360961914,19.0
2025-04-10 21:14:21,13.789473684210526,8,62.811764705882354,19.34079360961914,19.0
2025-04-10 21:14:21,12.0,7,62.58139534883721,18.977317810058594,18.0
2025-04-10 21:14:21,11.736842105263158,8,62.58139534883721,18.977317810058594,18.0
2025-04-10 21:14:21,12.105263157894736,7,62.58139534883721,18.977317810058594,18.0
2025-04-10 21:14:21,12.526315789473685,8,62.58139534883721,18.977317810058594,18.0
2025-04-10 21:14:21,13.0,9,62.58139534883721,18.977317810058594,18.0
2025-04-10 21:14:21,13.473684210526315,9,62.58139534883721,18.943981170654297,19.0
2025-04-10 21:14:21,13.947368421052632,9,62.58139534883721,18.943981170654297,19.0
2025-04-10 21:14:21,14.421052631578947,9,62.58139534883721,18.943981170654297,19.0
2025-04-10 21:14:21,15.777777777777779,10,62.14942528735632,18.943981170654297,19.0
2025-04-10 21:14:21,16.333333333333332,10,62.14942528735632,18.943981170654297,19.0
2025-04-10 21:14:21,16.88888888888889,10,62.14942528735632,18.6591739654541,18.0
2025-04-10 21:14:21,17.444444444444443,10,62.14942528735632,18.6591739654541,18.0
2025-04-10 21:14:21,17.05263157894737,11,62.14942528735632,18.6591739654541,18.0
2025-04-10 21:14:21,16.7,11,62.14942528735632,18.6591739654541,18.0
2025-04-10 21:14:21,16.38095238095238,11,62.14942528735632,18.6591739654541,18.0
2025-04-10 21:14:21,16.857142857142858,10,62.14942528735632,19.30933952331543,21.0
2025-04-10 21:14:21,12.80952380952381,9,62.14942528735632,19.30933952331543,21.0
2025-04-10 21:14:22,11.333333333333334,9,62.48863636363637,19.30933952331543,21.0
2025-04-10 21:14:22,10.523809523809524,7,62.48863636363637,19.30933952331543,21.0
2025-04-10 21:14:22,10.047619047619047,6,62.48863636363637,19.30933952331543,21.0
2025-04-10 21:14:22,9.761904761904763,7,62.95505617977528,20.461233139038086,21.0
2025-04-10 21:14:22,10.0,6,62.95505617977528,20.461233139038086,21.0
2025-04-10 21:14:22,10.285714285714286,6,62.95505617977528,20.461233139038086,21.0
2025-04-10 21:14:22,11.1,6,63.94444444444444,20.461233139038086,21.0
2025-04-10 21:14:22,11.2,5,63.94444444444444,20.461233139038086,21.0
2025-04-10 21:14:22,11.45,5,63.94444444444444,20.67687225341797,20.0
2025-04-10 21:14:22,11.142857142857142,6,63.94444444444444,20.67687225341797,20.0
2025-04-10 21:14:22,10.863636363636363,6,63.94444444444444,20.67687225341797,20.0
2025-04-10 21:14:22,11.136363636363637,7,64.95604395604396,20.67687225341797,20.0
2025-04-10 21:14:22,11.409090909090908,6,64.95604395604396,20.67687225341797,20.0
2025-04-10 21:14:22,11.727272727272727,7,64.95604395604396,21.250614166259766,22.0
2025-04-10 21:14:22,12.045454545454545,7,64.95604395604396,21.250614166259766,22.0
2025-04-10 21:14:22,9.363636363636363,6,64.95604395604396,21.250614166259766,22.0
2025-04-10 21:14:22,7.428571428571429,5,64.59782608695652,21.250614166259766,22.0
2025-04-10 21:14:22,5.619047619047619,5,64.59782608695652,21.250614166259766,22.0
2025-04-10 21:14:22,4.333333333333333,4,64.59782608695652,21.602264404296875,21.0
2025-04-10 21:14:22,4.571428571428571,5,64.59782608695652,21.602264404296875,21.0
2025-04-10 21:14:22,5.05,5,64.73118279569893,21.602264404296875,21.0
2025-04-10 21:14:22,5.3,5,64.73118279569893,21.602264404296875,21.0
2025-04-10 21:14:22,5.55,5,64.73118279569893,21.602264404296875,21.0
2025-04-10 21:14:22,6.157894736842105,6,65.68085106382979,20.63837432861328,19.0
2025-04-10 21:14:22,6.833333333333333,6,66.12631578947368,20.63837432861328,19.0
2025-04-10 21:14:22,7.166666666666667,6,66.12631578947368,20.63837432861328,19.0
2025-04-10 21:14:22,7.555555555555555,7,66.12631578947368,20.63837432861328,19.0
2025-04-10 21:14:22,7.944444444444445,7,66.12631578947368,20.63837432861328,19.0
2025-04-10 21:14:22,8.823529411764707,7,65.96875,18.7780704498291,17.0
2025-04-10 21:14:22,9.235294117647058,7,65.96875,18.7780704498291,17.0
2025-04-10 21:14:22,9.647058823529411,7,65.96875,18.7780704498291,17.0
2025-04-10 21:14:22,10.117647058823529,8,65.96875,18.7780704498291,17.0
2025-04-10 21:14:22,10.588235294117647,8,65.96875,18.7780704498291,17.0
2025-04-10 21:14:22,11.75,8,66.16494845360825,17.25662612915039,16.0
2025-04-10 21:14:23,12.25,8,66.16494845360825,17.25662612915039,16.0
2025-04-10 21:14:23,7.0,8,66.63265306122449,17.25662612915039,16.0
2025-04-10 21:14:23,7.0,8,66.63265306122449,17.25662612915039,16.0
2025-04-10 21:14:23,7.411764705882353,7,66.63265306122449,17.25662612915039,16.0
2025-04-10 21:14:23,7.823529411764706,7,66.63265306122449,16.75775909423828,17.0
2025-04-10 21:14:23,8.235294117647058,7,66.63265306122449,16.75775909423828,17.0
2025-04-10 21:14:23,9.1875,7,66.41414141414141,16.75775909423828,17.0
2025-04-10 21:14:23,10.266666666666667,7,66.05,16.75775909423828,17.0
2025-04-10 21:14:23,10.733333333333333,7,66.05,16.75775909423828,17.0
2025-04-10 21:14:23,11.2,7,66.05,15.953267097473145,15.0
2025-04-10 21:14:30,11.666666666666666,7,66.05,15.953267097473145,15.0
2025-04-10 21:14:30,12.133333333333333,7,66.05,15.953267097473145,15.0
2025-04-10 21:14:30,12.6,7,66.05,15.953267097473145,15.0
2025-04-10 21:14:30,12.3125,9,66.05,15.953267097473145,15.0
2025-04-10 21:14:30,12.117647058823529,10,66.05,15.823686599731445,17.0
2025-04-10 21:14:30,11.944444444444445,10,66.05,15.823686599731445,17.0
2025-04-10 21:14:30,12.444444444444445,9,66.05,15.823686599731445,17.0
2025-04-10 21:14:30,13.0,10,66.05,15.823686599731445,17.0
2025-04-10 21:14:30,13.555555555555555,10,66.05,15.823686599731445,17.0
2025-04-10 21:14:30,14.11111111111111,10,66.05,17.226499557495117,18.0
2025-04-10 21:14:30,12.941176470588236,9,66.73267326732673,17.226499557495117,18.0
2025-04-10 21:14:30,11.176470588235293,8,66.73267326732673,17.226499557495117,18.0
2025-04-10 21:14:30,9.411764705882353,7,66.73267326732673,17.226499557495117,18.0
2025-04-10 21:14:30,7.764705882352941,6,66.73267326732673,17.226499557495117,18.0
2025-04-10 21:14:30,6.176470588235294,5,66.73267326732673,17.428287506103516,17.0
2025-04-10 21:14:30,4.555555555555555,6,66.73267326732673,17.428287506103516,17.0
2025-04-10 21:14:30,4.833333333333333,5,66.73267326732673,17.428287506103516,17.0
2025-04-10 21:14:30,5.111111111111111,5,66.73267326732673,17.428287506103516,17.0
2025-04-10 21:14:30,4.823529411764706,4,67.2156862745098,17.428287506103516,17.0
2025-04-10 21:14:30,4.777777777777778,5,67.2156862745098,17.572084426879883,18.0
2025-04-10 21:14:31,4.7368421052631575,5,67.2156862745098,17.572084426879883,18.0
2025-04-10 21:14:31,4.947368421052632,4,67.2156862745098,17.572084426879883,18.0
2025-04-10 21:14:31,5.444444444444445,4,66.86407766990291,17.572084426879883,18.0
2025-04-10 21:14:31,5.666666666666667,4,66.86407766990291,17.572084426879883,18.0
2025-04-10 21:14:31,6.235294117647059,4,66.84615384615384,18.034059524536133,17.0
2025-04-10 21:14:31,6.875,4,66.4,18.034059524536133,17.0
2025-04-10 21:14:31,7.125,4,66.4,18.034059524536133,17.0
2025-04-10 21:14:31,6.9411764705882355,5,66.4,18.034059524536133,17.0
2025-04-10 21:14:31,7.176470588235294,4,66.4,18.034059524536133,17.0
2025-04-10 21:14:31,7.0,5,66.4,17.44123649597168,18.0
2025-04-10 21:14:31,7.647058823529412,4,66.5,17.44123649597168,18.0
2025-04-10 21:14:31,7.444444444444445,5,66.5,17.44123649597168,18.0
2025-04-10 21:14:31,7.666666666666667,4,66.5,17.44123649597168,18.0
2025-04-10 21:14:31,7.473684210526316,5,66.5,17.44123649597168,18.0
2025-04-10 21:14:31,7.684210526315789,4,66.5,17.889781951904297,19.0
2025-04-10 21:14:31,8.333333333333334,4,67.57009345794393,17.889781951904297,19.0
2025-04-10 21:14:31,9.058823529411764,4,67.13888888888889,17.889781951904297,19.0
2025-04-10 21:14:31,9.875,4,66.6788990825688,17.889781951904297,19.0
2025-04-10 21:14:31,10.8,4,67.18181818181819,17.889781951904297,19.0
2025-04-10 21:14:31,11.066666666666666,4,67.18181818181819,16.812135696411133,15.0
2025-04-10 21:14:31,11.333333333333334,4,67.18181818181819,16.812135696411133,15.0
2025-04-10 21:14:31,11.6,4,67.18181818181819,16.812135696411133,15.0
2025-04-10 21:14:31,12.714285714285714,4,67.02702702702703,16.812135696411133,15.0
2025-04-10 21:14:31,13.0,4,67.02702702702703,16.812135696411133,15.0
2025-04-10 21:14:31,14.307692307692308,4,67.58035714285714,14.985268592834473,13.0
2025-04-10 21:14:31,14.692307692307692,5,67.58035714285714,14.985268592834473,13.0
2025-04-10 21:14:31,15.076923076923077,5,67.58035714285714,14.985268592834473,13.0
2025-04-10 21:14:31,16.75,5,68.01769911504425,14.985268592834473,13.0
2025-04-10 21:14:31,17.166666666666668,5,68.01769911504425,14.985268592834473,13.0
2025-04-10 21:14:31,17.583333333333332,5,68.01769911504425,13.231088638305664,12.0
2025-04-10 21:14:31,19.636363636363637,5,68.28070175438596,13.231088638305664,12.0
2025-04-10 21:14:31,20.09090909090909,5,68.28070175438596,13.231088638305664,12.0
2025-04-10 21:14:31,18.833333333333332,6,68.28070175438596,13.231088638305664,12.0
2025-04-10 21:14:31,19.25,5,68.28070175438596,13.231088638305664,12.0
2025-04-10 21:14:31,19.666666666666668,5,68.28070175438596,12.273836135864258,12.0
2025-04-10 21:14:32,20.083333333333332,5,68.28070175438596,12.273836135864258,12.0
2025-04-10 21:14:32,22.363636363636363,5,67.93913043478261,12.273836135864258,12.0
2025-04-10 21:14:32,22.90909090909091,6,67.93913043478261,12.273836135864258,12.0
2025-04-10 21:14:32,23.454545454545453,6,67.93913043478261,12.273836135864258,12.0
2025-04-10 21:14:32,24.0,6,67.93913043478261,11.721258163452148,11.0
2025-04-10 21:14:32,22.5,7,67.93913043478261,11.721258163452148,11.0
2025-04-10 21:14:32,23.0,6,67.93913043478261,11.721258163452148,11.0
2025-04-10 21:14:32,23.583333333333332,7,67.93913043478261,11.721258163452148,11.0
2025-04-10 21:14:32,24.25,8,67.93913043478261,11.721258163452148,11.0
2025-04-10 21:14:32,23.076923076923077,10,67.93913043478261,12.273592948913574,13.0
2025-04-10 21:14:32,23.76923076923077,9,67.93913043478261,12.273592948913574,13.0
2025-04-10 21:14:32,22.714285714285715,10,67.93913043478261,12.273592948913574,13.0
2025-04-10 21:14:32,21.8,10,67.93913043478261,12.273592948913574,13.0
2025-04-10 21:14:32,22.4,9,67.93913043478261,12.273592948913574,13.0
2025-04-10 21:14:32,16.266666666666666,8,67.93913043478261,14.014719009399414,15.0
2025-04-10 21:14:32,16.8,8,67.93913043478261,14.014719009399414,15.0
2025-04-10 21:14:32,17.333333333333332,8,67.93913043478261,14.014719009399414,15.0
2025-04-10 21:14:32,17.866666666666667,8,67.93913043478261,14.014719009399414,15.0
2025-04-10 21:14:32,18.4,9,68.79310344827586,14.014719009399414,15.0
2025-04-10 21:14:32,17.75,9,68.79310344827586,15.120495796203613,16.0
2025-04-10 21:14:32,18.25,8,68.79310344827586,15.120495796203613,16.0
2025-04-10 21:14:32,18.75,8,68.79310344827586,15.120495796203613,16.0
2025-04-10 21:14:32,19.25,8,68.79310344827586,15.120495796203613,16.0
2025-04-10 21:14:32,21.066666666666666,8,68.3076923076923,15.120495796203613,16.0
2025-04-10 21:14:32,20.25,9,68.3076923076923,15.716302871704102,16.0
2025-04-10 21:14:32,20.75,8,68.3076923076923,15.716302871704102,16.0
2025-04-10 21:14:32,21.25,8,68.3076923076923,15.716302871704102,16.0
2025-04-10 21:14:32,20.470588235294116,9,68.3076923076923,15.716302871704102,16.0
2025-04-10 21:14:32,20.941176470588236,8,68.3076923076923,15.716302871704102,16.0
2025-04-10 21:14:32,21.470588235294116,9,68.3076923076923,16.509201049804688,17.0
2025-04-10 21:14:32,17.11764705882353,8,68.3076923076923,16.509201049804688,17.0
2025-04-10 21:14:32,12.882352941176471,7,68.3076923076923,16.509201049804688,17.0
2025-04-10 21:14:32,9.0,6,68.3076923076923,16.509201049804688,17.0
2025-04-10 21:14:33,7.470588235294118,6,68.21186440677967,16.509201049804688,17.0
2025-04-10 21:14:33,6.235294117647059,4,68.21186440677967,16.958038330078125,17.0
2025-04-10 21:14:33,6.470588235294118,5,67.85714285714286,16.958038330078125,17.0
2025-04-10 21:14:33,6.705882352941177,4,67.85714285714286,16.958038330078125,17.0
2025-04-10 21:14:33,6.555555555555555,5,67.85714285714286,16.958038330078125,17.0
2025-04-10 21:14:33,6.777777777777778,4,67.85714285714286,16.958038330078125,17.0
2025-04-10 21:14:33,6.631578947368421,5,67.85714285714286,17.69972038269043,19.0
2025-04-10 21:14:33,7.222222222222222,4,67.3,17.69972038269043,19.0
2025-04-10 21:14:33,7.444444444444445,4,67.3,17.69972038269043,19.0
2025-04-10 21:14:33,8.176470588235293,5,67.9090909090909,17.69972038269043,19.0
2025-04-10 21:14:33,8.470588235294118,5,67.9090909090909,17.69972038269043,19.0
2025-04-10 21:14:33,8.764705882352942,5,67.9090909090909,17.338274002075195,17.0
2025-04-10 21:14:40,9.058823529411764,5,67.9090909090909,17.338274002075195,17.0
2025-04-10 21:14:40,9.352941176470589,5,67.9090909090909,17.338274002075195,17.0
2025-04-10 21:14:40,10.25,5,67.76229508196721,17.338274002075195,17.0
2025-04-10 21:14:40,9.941176470588236,6,67.76229508196721,17.338274002075195,17.0
2025-04-10 21:14:40,10.235294117647058,5,67.76229508196721,16.926610946655273,17.0
2025-04-10 21:14:40,11.1875,5,68.34959349593495,16.926610946655273,17.0
2025-04-10 21:14:40,10.882352941176471,7,68.34959349593495,16.926610946655273,17.0
2025-04-10 21:14:40,11.235294117647058,6,68.34959349593495,16.926610946655273,17.0
2025-04-10 21:14:40,11.588235294117647,6,68.34959349593495,16.926610946655273,17.0
2025-04-10 21:14:40,11.941176470588236,6,68.34959349593495,16.75237274169922,17.0
2025-04-10 21:14:40,12.294117647058824,6,68.34959349593495,16.75237274169922,17.0
2025-04-10 21:14:40,12.647058823529411,7,68.54032258064517,16.75237274169922,17.0
2025-04-10 21:14:40,13.0,6,68.54032258064517,16.75237274169922,17.0
2025-04-10 21:14:40,12.61111111111111,7,68.54032258064517,16.75237274169922,17.0
2025-04-10 21:14:40,12.944444444444445,6,68.54032258064517,17.125768661499023,18.0
2025-04-10 21:14:41,14.117647058823529,7,68.088,17.125768661499023,18.0
2025-04-10 21:14:41,14.529411764705882,8,67.57142857142857,17.125768661499023,18.0
2025-04-10 21:14:41,15.0,9,67.23622047244095,17.125768661499023,18.0
2025-04-10 21:14:41,15.470588235294118,8,67.23622047244095,17.125768661499023,18.0
2025-04-10 21:14:41,16.0,9,67.23622047244095,17.018051147460938,17.0
2025-04-10 21:14:41,16.529411764705884,9,67.23622047244095,17.018051147460938,17.0
2025-04-10 21:14:41,17.058823529411764,9,67.23622047244095,17.018051147460938,17.0
2025-04-10 21:14:41,17.58823529411765,9,67.23622047244095,17.018051147460938,17.0
2025-04-10 21:14:41,14.3125,8,67.640625,17.018051147460938,17.0
2025-04-10 21:14:41,10.875,7,67.640625,16.602859497070312,16.0
2025-04-10 21:14:41,7.0,8,67.640625,16.602859497070312,16.0
2025-04-10 21:14:41,5.647058823529412,6,67.640625,16.602859497070312,16.0
2025-04-10 21:14:41,5.235294117647059,5,67.640625,16.602859497070312,16.0
2025-04-10 21:14:41,5.529411764705882,5,67.640625,16.602859497070312,16.0
2025-04-10 21:14:41,5.5,6,67.640625,16.950788497924805,18.0
2025-04-10 21:14:41,6.117647058823529,5,67.30232558139535,16.950788497924805,18.0
2025-04-10 21:14:41,6.411764705882353,5,67.30232558139535,16.950788497924805,18.0
2025-04-10 21:14:41,6.333333333333333,6,67.30232558139535,16.950788497924805,18.0
2025-04-10 21:14:41,6.611111111111111,5,67.30232558139535,16.950788497924805,18.0
2025-04-10 21:14:41,6.526315789473684,6,67.30232558139535,17.553447723388672,19.0
2025-04-10 21:14:41,6.7894736842105265,5,67.30232558139535,17.553447723388672,19.0
2025-04-10 21:14:41,7.444444444444445,5,66.93846153846154,17.553447723388672,19.0
2025-04-10 21:14:41,7.722222222222222,5,66.93846153846154,17.553447723388672,19.0
2025-04-10 21:14:41,8.0,5,66.93846153846154,17.553447723388672,19.0
2025-04-10 21:14:41,8.277777777777779,5,66.93846153846154,17.84477996826172,18.0
2025-04-10 21:14:41,8.555555555555555,5,66.93846153846154,17.84477996826172,18.0
2025-04-10 21:14:41,8.368421052631579,6,66.93846153846154,17.84477996826172,18.0
2025-04-10 21:14:41,9.11111111111111,5,67.25954198473282,17.84477996826172,18.0
2025-04-10 21:14:41,9.941176470588236,5,68.0909090909091,17.84477996826172,18.0
2025-04-10 21:14:41,10.235294117647058,5,68.0909090909091,17.739089965820312,17.0
2025-04-10 21:14:42,7.3125,4,67.83458646616542,17.739089965820312,17.0
2025-04-10 21:14:42,5.6875,3,67.83458646616542,17.739089965820312,17.0
2025-04-10 21:14:42,5.875,3,67.83458646616542,17.739089965820312,17.0
2025-04-10 21:14:42,6.0625,3,67.83458646616542,17.739089965820312,17.0
2025-04-10 21:14:42,6.666666666666667,3,67.82835820895522,16.389068603515625,15.0
2025-04-10 21:14:42,6.866666666666666,3,67.82835820895522,16.389068603515625,15.0
2025-04-10 21:14:42,7.066666666666666,3,67.82835820895522,16.389068603515625,15.0
2025-04-10 21:14:42,6.8125,4,67.82835820895522,16.389068603515625,15.0
2025-04-10 21:14:42,7.0625,4,67.82835820895522,16.389068603515625,15.0
2025-04-10 21:14:42,7.3125,4,67.82835820895522,15.70004940032959,16.0
2025-04-10 21:14:42,7.6875,6,67.82835820895522,15.70004940032959,16.0
2025-04-10 21:14:42,7.588235294117647,7,67.82835820895522,15.70004940032959,16.0
2025-04-10 21:14:42,8.4375,6,67.99259259259259,15.70004940032959,16.0
2025-04-10 21:14:42,8.8125,6,67.99259259259259,15.70004940032959,16.0
2025-04-10 21:14:42,9.8,6,68.44852941176471,15.764582633972168,15.0
2025-04-10 21:14:42,10.2,6,68.44852941176471,15.764582633972168,15.0
2025-04-10 21:14:42,9.9375,7,68.44852941176471,15.764582633972168,15.0
2025-04-10 21:14:42,9.764705882352942,8,68.44852941176471,15.764582633972168,15.0
2025-04-10 21:14:42,10.176470588235293,7,68.44852941176471,15.764582633972168,15.0
2025-04-10 21:14:42,10.0,6,68.44852941176471,16.288719177246094,17.0
2025-04-10 21:14:42,10.176470588235293,6,68.44852941176471,16.288719177246094,17.0
2025-04-10 21:14:42,10.529411764705882,6,68.44852941176471,16.288719177246094,17.0
2025-04-10 21:14:42,10.277777777777779,7,68.44852941176471,16.288719177246094,17.0
2025-04-10 21:14:42,10.61111111111111,6,68.44852941176471,16.288719177246094,17.0
2025-04-10 21:14:42,10.944444444444445,6,68.44852941176471,17.102827072143555,18.0
2025-04-10 21:14:42,12.6875,6,68.42753623188406,17.102827072143555,18.0
2025-04-10 21:14:42,13.933333333333334,6,68.64028776978417,17.102827072143555,18.0
2025-04-10 21:14:42,13.4375,7,68.64028776978417,17.102827072143555,18.0
2025-04-10 21:14:42,13.8125,7,68.23571428571428,17.102827072143555,18.0
2025-04-10 21:14:42,14.1875,6,68.23571428571428,16.34673309326172,16.0
2025-04-10 21:14:42,14.5625,6,68.23571428571428,16.34673309326172,16.0
2025-04-10 21:14:42,15.933333333333334,6,68.17021276595744,16.34673309326172,16.0
2025-04-10 21:14:42,16.333333333333332,6,68.17021276595744,16.34673309326172,16.0
2025-04-10 21:14:42,15.6875,7,68.17021276595744,16.34673309326172,16.0
2025-04-10 21:14:42,15.117647058823529,7,68.17021276595744,15.832443237304688,17.0
2025-04-10 21:14:43,13.941176470588236,5,68.17021276595744,15.832443237304688,17.0
2025-04-10 21:14:43,12.5,5,68.17021276595744,15.832443237304688,17.0
2025-04-10 21:14:43,12.722222222222221,4,68.17021276595744,15.832443237304688,17.0
2025-04-10 21:14:43,12.263157894736842,5,68.17021276595744,15.832443237304688,17.0
2025-04-10 21:14:43,12.473684210526315,4,68.17021276595744,17.35955810546875,19.0
2025-04-10 21:14:43,12.68421052631579,4,68.17021276595744,17.35955810546875,19.0
2025-04-10 21:14:43,12.894736842105264,5,67.90140845070422,17.35955810546875,19.0
2025-04-10 21:14:43,13.210526315789474,6,67.90140845070422,17.35955810546875,19.0
2025-04-10 21:14:43,13.526315789473685,7,67.83916083916084,17.35955810546875,19.0
2025-04-10 21:14:43,14.61111111111111,6,68.65972222222223,18.351076126098633,18.0
2025-04-10 21:14:43,14.944444444444445,6,68.65972222222223,18.351076126098633,18.0
2025-04-10 21:14:43,16.176470588235293,6,68.35172413793103,18.351076126098633,18.0
2025-04-10 21:14:43,16.529411764705884,6,68.35172413793103,18.351076126098633,18.0
2025-04-10 21:14:43,16.88235294117647,6,68.35172413793103,18.351076126098633,18.0
2025-04-10 21:14:43,18.3125,6,68.17123287671232,17.41615104675293,16.0
2025-04-10 21:14:43,19.933333333333334,6,67.7687074829932,17.41615104675293,16.0
2025-04-10 21:14:43,14.266666666666667,5,67.7687074829932,17.41615104675293,16.0
2025-04-10 21:14:43,8.8125,6,67.7687074829932,17.41615104675293,16.0
2025-04-10 21:14:43,4.375,3,67.7687074829932,17.41615104675293,16.0
2025-04-10 21:14:43,1.625,2,67.7687074829932,16.105850219726562,16.0
2025-04-10 21:14:51,0.9333333333333333,1,68.12837837837837,16.105850219726562,16.0
2025-04-10 21:14:51,1.0,1,68.12837837837837,16.105850219726562,16.0
2025-04-10 21:14:51,1.0666666666666667,2,67.87248322147651,16.105850219726562,16.0
2025-04-10 21:14:51,1.1333333333333333,1,67.87248322147651,16.105850219726562,16.0
2025-04-10 21:14:51,1.2857142857142858,1,68.38,15.145798683166504,14.0
2025-04-10 21:14:51,1.1875,3,68.38,15.145798683166504,14.0
2025-04-10 21:14:51,1.25,1,68.38,15.145798683166504,14.0
2025-04-10 21:14:51,1.3125,1,68.38,15.145798683166504,14.0
2025-04-10 21:14:51,1.4666666666666666,1,68.72185430463576,15.145798683166504,14.0
2025-04-10 21:14:51,1.4375,2,68.72185430463576,15.557073593139648,16.0
2025-04-10 21:14:51,1.6,1,68.72368421052632,15.557073593139648,16.0
2025-04-10 21:14:51,1.6666666666666667,2,69.06535947712419,15.557073593139648,16.0
2025-04-10 21:14:51,1.7333333333333334,1,69.06535947712419,15.557073593139648,16.0
2025-04-10 21:14:51,1.8,1,69.06535947712419,15.557073593139648,16.0
2025-04-10 21:14:51,2.0714285714285716,2,68.85064935064935,15.216461181640625,14.0
2025-04-10 21:14:51,2.2142857142857144,2,68.85064935064935,15.216461181640625,14.0
2025-04-10 21:14:51,2.357142857142857,2,68.85064935064935,15.216461181640625,14.0
2025-04-10 21:14:51,2.3333333333333335,3,68.85064935064935,15.216461181640625,14.0
2025-04-10 21:14:51,2.466666666666667,3,68.49032258064516,15.216461181640625,14.0
2025-04-10 21:14:51,2.6,2,68.49032258064516,14.786103248596191,15.0
2025-04-10 21:14:51,2.9285714285714284,2,68.12179487179488,14.786103248596191,15.0
2025-04-10 21:14:51,3.0714285714285716,2,68.12179487179488,14.786103248596191,15.0
2025-04-10 21:14:51,3.0,3,68.12179487179488,14.786103248596191,15.0
2025-04-10 21:14:51,3.1333333333333333,2,68.12179487179488,14.786103248596191,15.0
2025-04-10 21:14:51,3.2666666666666666,2,68.12179487179488,14.723947525024414,15.0
2025-04-10 21:14:51,3.4,2,68.12179487179488,14.723947525024414,15.0
2025-04-10 21:14:51,3.533333333333333,2,68.12179487179488,14.723947525024414,15.0
2025-04-10 21:14:51,3.6666666666666665,2,68.12179487179488,14.723947525024414,15.0
2025-04-10 21:14:51,3.8666666666666667,3,68.12179487179488,14.723947525024414,15.0
2025-04-10 21:14:51,4.066666666666666,3,68.12179487179488,14.981990814208984,15.0
2025-04-10 21:14:51,4.571428571428571,3,67.89808917197452,14.981990814208984,15.0
2025-04-10 21:14:51,4.785714285714286,3,67.89808917197452,14.981990814208984,15.0
2025-04-10 21:14:51,5.0,3,67.89808917197452,14.981990814208984,15.0
2025-04-10 21:14:51,4.866666666666666,4,67.89808917197452,14.981990814208984,15.0
2025-04-10 21:14:51,5.5,4,68.15822784810126,14.572941780090332,14.0
2025-04-10 21:14:52,5.785714285714286,4,68.15822784810126,14.572941780090332,14.0
2025-04-10 21:14:52,6.071428571428571,4,68.15822784810126,14.572941780090332,14.0
2025-04-10 21:14:52,2.7142857142857144,4,67.84905660377359,14.572941780090332,14.0
2025-04-10 21:14:52,2.5714285714285716,2,67.84905660377359,14.572941780090332,14.0
2025-04-10 21:14:52,2.923076923076923,2,67.8375,14.095478057861328,13.0
2025-04-10 21:14:52,3.4166666666666665,3,67.90062111801242,14.095478057861328,13.0
2025-04-10 21:14:52,3.6666666666666665,3,67.90062111801242,14.095478057861328,13.0
2025-04-10 21:14:52,4.0,4,67.90062111801242,14.095478057861328,13.0
2025-04-10 21:14:52,4.7272727272727275,4,67.67901234567901,14.095478057861328,13.0
2025-04-10 21:14:52,5.090909090909091,5,67.60736196319019,12.525774955749512,11.0
2025-04-10 21:14:52,5.454545454545454,4,67.60736196319019,12.525774955749512,11.0
2025-04-10 21:14:52,5.818181818181818,4,67.60736196319019,12.525774955749512,11.0
2025-04-10 21:14:52,6.8,4,67.46951219512195,12.525774955749512,11.0
2025-04-10 21:14:52,7.2,4,67.46951219512195,12.525774955749512,11.0
2025-04-10 21:14:52,7.6,4,67.46951219512195,11.166398048400879,10.0
2025-04-10 21:14:52,7.2727272727272725,5,67.46951219512195,11.166398048400879,10.0
2025-04-10 21:14:52,7.636363636363637,4,67.46951219512195,11.166398048400879,10.0
2025-04-10 21:14:52,8.0,4,67.46951219512195,11.166398048400879,10.0
2025-04-10 21:14:52,8.454545454545455,5,67.46951219512195,11.166398048400879,10.0
2025-04-10 21:14:52,8.909090909090908,5,67.46951219512195,11.189489364624023,11.0
2025-04-10 21:14:52,9.363636363636363,5,67.46951219512195,11.189489364624023,11.0
2025-04-10 21:14:52,7.75,5,67.46951219512195,11.189489364624023,11.0
2025-04-10 21:14:52,8.818181818181818,4,67.13939393939394,11.189489364624023,11.0
2025-04-10 21:14:52,9.181818181818182,4,67.13939393939394,11.189489364624023,11.0
2025-04-10 21:14:52,10.5,4,67.48795180722891,11.417278289794922,10.0
2025-04-10 21:14:52,10.9,5,67.31137724550898,11.417278289794922,10.0
2025-04-10 21:14:52,11.3,4,67.31137724550898,11.417278289794922,10.0
2025-04-10 21:14:52,11.7,4,67.31137724550898,11.417278289794922,10.0
2025-04-10 21:14:52,12.1,4,67.31137724550898,11.417278289794922,10.0
2025-04-10 21:14:52,12.5,4,67.31137724550898,10.71834659576416,10.0
2025-04-10 21:14:52,13.0,5,67.31137724550898,10.71834659576416,10.0
2025-04-10 21:14:52,11.25,7,67.31137724550898,10.71834659576416,10.0
2025-04-10 21:14:52,10.76923076923077,6,67.31137724550898,10.71834659576416,10.0
2025-04-10 21:14:52,11.153846153846153,5,67.31137724550898,10.71834659576416,10.0
2025-04-10 21:14:52,11.538461538461538,5,67.31137724550898,11.854031562805176,13.0
2025-04-10 21:14:53,11.923076923076923,5,67.31137724550898,11.854031562805176,13.0
2025-04-10 21:14:53,13.416666666666666,6,67.23214285714286,11.854031562805176,13.0
2025-04-10 21:14:53,13.916666666666666,6,67.23214285714286,11.854031562805176,13.0
2025-04-10 21:14:53,14.5,7,67.23214285714286,11.854031562805176,13.0
2025-04-10 21:14:53,15.083333333333334,7,67.23214285714286,12.489230155944824,12.0
2025-04-10 21:14:53,10.5,6,67.23214285714286,12.489230155944824,12.0
2025-04-10 21:14:53,11.0,6,67.23214285714286,12.489230155944824,12.0
2025-04-10 21:14:53,11.5,6,67.23214285714286,12.489230155944824,12.0
2025-04-10 21:14:53,12.0,6,67.23214285714286,12.489230155944824,12.0
2025-04-10 21:14:53,12.5,6,67.23214285714286,12.369649887084961,12.0
2025-04-10 21:14:53,13.0,6,67.23214285714286,12.369649887084961,12.0
2025-04-10 21:14:53,13.5,6,67.23214285714286,12.369649887084961,12.0
2025-04-10 21:14:53,14.0,6,67.23214285714286,12.369649887084961,12.0
2025-04-10 21:14:53,14.5,6,67.23214285714286,12.369649887084961,12.0
2025-04-10 21:14:53,15.0,6,67.23214285714286,12.31502628326416,12.0
2025-04-10 21:14:53,15.5,6,67.23214285714286,12.31502628326416,12.0
2025-04-10 21:14:53,16.0,6,67.23214285714286,12.31502628326416,12.0
2025-04-10 21:14:53,16.5,6,67.23214285714286,12.31502628326416,12.0
2025-04-10 21:14:53,17.0,6,67.23214285714286,12.31502628326416,12.0
2025-04-10 21:14:53,16.153846153846153,7,67.23214285714286,12.433854103088379,13.0
2025-04-10 21:14:53,16.615384615384617,6,67.23214285714286,12.433854103088379,13.0
2025-04-10 21:14:53,12.153846153846153,5,67.23214285714286,12.433854103088379,13.0
2025-04-10 21:14:53,10.384615384615385,4,67.23214285714286,12.433854103088379,13.0
2025-04-10 21:14:53,9.928571428571429,5,67.23214285714286,12.433854103088379,13.0
2025-04-10 21:14:53,10.285714285714286,5,67.23214285714286,13.28416919708252,14.0
2025-04-10 21:14:53,10.642857142857142,5,67.23214285714286,13.28416919708252,14.0
2025-04-10 21:14:53,10.266666666666667,6,67.23214285714286,13.28416919708252,14.0
2025-04-10 21:14:53,10.6,5,67.23214285714286,13.28416919708252,14.0
2025-04-10 21:14:53,10.933333333333334,5,67.23214285714286,13.28416919708252,14.0
2025-04-10 21:14:53,10.5625,6,67.23214285714286,15.004220008850098,16.0
2025-04-10 21:15:01,10.235294117647058,6,67.23214285714286,15.004220008850098,16.0
2025-04-10 21:15:01,9.944444444444445,6,67.23214285714286,15.004220008850098,16.0
2025-04-10 21:15:01,10.823529411764707,5,67.14201183431953,15.004220008850098,16.0
2025-04-10 21:15:01,11.117647058823529,5,67.14201183431953,15.004220008850098,16.0
2025-04-10 21:15:01,12.125,5,66.97058823529412,16.576156616210938,16.0
2025-04-10 21:15:01,12.4375,5,66.97058823529412,16.576156616210938,16.0
2025-04-10 21:15:01,12.0,6,66.97058823529412,16.576156616210938,16.0
2025-04-10 21:15:01,8.411764705882353,6,66.97058823529412,16.576156616210938,16.0
2025-04-10 21:15:01,5.529411764705882,6,66.97058823529412,16.576156616210938,16.0
2025-04-10 21:15:01,5.388888888888889,6,66.97058823529412,17.350130081176758,18.0
2025-04-10 21:15:01,5.666666666666667,5,66.97058823529412,17.350130081176758,18.0
2025-04-10 21:15:01,6.294117647058823,5,67.35087719298245,17.350130081176758,18.0
2025-04-10 21:15:01,6.222222222222222,6,67.35087719298245,17.350130081176758,18.0
2025-04-10 21:15:01,5.842105263157895,5,67.35087719298245,17.350130081176758,18.0
2025-04-10 21:15:01,6.052631578947368,4,67.35087719298245,18.179779052734375,19.0
2025-04-10 21:15:01,6.2631578947368425,4,67.35087719298245,18.179779052734375,19.0
2025-04-10 21:15:01,6.833333333333333,4,67.09302325581395,18.179779052734375,19.0
2025-04-10 21:15:01,7.055555555555555,4,67.09302325581395,18.179779052734375,19.0
2025-04-10 21:15:01,7.333333333333333,5,67.09302325581395,18.179779052734375,19.0
2025-04-10 21:15:01,7.2631578947368425,7,67.09302325581395,18.565248489379883,19.0
2025-04-10 21:15:02,7.2,7,67.09302325581395,18.565248489379883,19.0
2025-04-10 21:15:02,7.5,6,67.09302325581395,18.565248489379883,19.0
2025-04-10 21:15:02,7.8,6,67.09302325581395,18.565248489379883,19.0
2025-04-10 21:15:02,8.15,8,67.51445086705202,18.565248489379883,19.0
2025-04-10 21:15:02,8.947368421052632,7,67.19540229885058,19.581703186035156,19.0
2025-04-10 21:15:02,9.31578947368421,8,66.95428571428572,19.581703186035156,19.0
2025-04-10 21:15:02,9.68421052631579,7,66.95428571428572,19.581703186035156,19.0
2025-04-10 21:15:02,10.052631578947368,7,66.95428571428572,19.581703186035156,19.0
2025-04-10 21:15:02,10.421052631578947,7,66.95428571428572,19.581703186035156,19.0
2025-04-10 21:15:02,10.789473684210526,8,66.74431818181819,19.510873794555664,19.0
2025-04-10 21:15:02,11.157894736842104,7,66.74431818181819,19.510873794555664,19.0
2025-04-10 21:15:02,11.526315789473685,7,66.74431818181819,19.510873794555664,19.0
2025-04-10 21:15:02,11.894736842105264,7,66.74431818181819,19.510873794555664,19.0
2025-04-10 21:15:02,11.65,8,66.74431818181819,19.510873794555664,19.0
2025-04-10 21:15:02,12.0,7,66.74431818181819,19.629093170166016,20.0
2025-04-10 21:15:02,12.35,7,66.74431818181819,19.629093170166016,20.0
2025-04-10 21:15:02,13.368421052631579,7,67.24293785310735,19.629093170166016,20.0
2025-04-10 21:15:02,14.5,7,66.96067415730337,19.629093170166016,20.0
2025-04-10 21:15:02,14.88888888888889,7,66.96067415730337,19.629093170166016,20.0
2025-04-10 21:15:02,15.277777777777779,7,66.96067415730337,18.93866729736328,18.0
2025-04-10 21:15:02,15.666666666666666,7,66.96067415730337,18.93866729736328,18.0
2025-04-10 21:15:02,16.055555555555557,7,66.96067415730337,18.93866729736328,18.0
2025-04-10 21:15:02,16.444444444444443,7,66.96067415730337,18.93866729736328,18.0
2025-04-10 21:15:02,15.2,10,66.96067415730337,18.93866729736328,18.0
2025-04-10 21:15:02,15.6,8,66.96067415730337,19.14409065246582,20.0
2025-04-10 21:15:02,11.714285714285714,9,66.96067415730337,19.14409065246582,20.0
2025-04-10 21:15:02,8.571428571428571,7,66.96067415730337,19.14409065246582,20.0
2025-04-10 21:15:02,6.090909090909091,8,66.96067415730337,19.14409065246582,20.0
2025-04-10 21:15:02,4.545454545454546,7,66.96067415730337,19.14409065246582,20.0
2025-04-10 21:15:02,3.409090909090909,7,66.72067039106145,21.111623764038086,22.0
2025-04-10 21:15:02,2.272727272727273,6,66.72067039106145,21.111623764038086,22.0
2025-04-10 21:15:02,2.6666666666666665,6,66.87777777777778,21.111623764038086,22.0
2025-04-10 21:15:02,2.9523809523809526,6,66.87777777777778,21.111623764038086,22.0
2025-04-10 21:15:02,1.7619047619047619,5,66.87777777777778,21.111623764038086,22.0
2025-04-10 21:15:02,1.5,4,66.56906077348066,21.449817657470703,20.0
2025-04-10 21:15:03,1.1904761904761905,4,66.56906077348066,21.449817657470703,20.0
2025-04-10 21:15:03,1.0,2,66.56906077348066,21.449817657470703,20.0
2025-04-10 21:15:03,0.65,1,67.03846153846153,21.449817657470703,20.0
2025-04-10 21:15:03,0.7894736842105263,2,67.33333333333333,21.449817657470703,20.0
2025-04-10 21:15:03,0.9444444444444444,2,67.2554347826087,20.248926162719727,18.0
2025-04-10 21:15:03,1.0555555555555556,2,67.2554347826087,20.248926162719727,18.0
2025-04-10 21:15:03,1.2352941176470589,2,67.24324324324324,20.248926162719727,18.0
2025-04-10 21:15:03,1.3529411764705883,2,67.24324324324324,20.248926162719727,18.0
2025-04-10 21:15:03,1.4705882352941178,2,67.24324324324324,20.248926162719727,18.0
2025-04-10 21:15:03,1.6470588235294117,3,67.24324324324324,18.10673713684082,17.0
2025-04-10 21:15:03,1.9375,3,67.2258064516129,18.10673713684082,17.0
2025-04-10 21:15:03,2.0588235294117645,5,67.2258064516129,18.10673713684082,17.0
2025-04-10 21:15:03,2.4375,4,67.40641711229947,18.10673713684082,17.0
2025-04-10 21:15:03,2.5294117647058822,5,67.40641711229947,18.10673713684082,17.0
2025-04-10 21:15:03,2.9375,4,67.77127659574468,16.897048950195312,16.0
2025-04-10 21:15:03,3.1875,4,67.77127659574468,16.897048950195312,16.0
2025-04-10 21:15:03,3.4375,5,67.66666666666667,16.897048950195312,16.0
2025-04-10 21:15:03,3.6875,4,67.66666666666667,16.897048950195312,16.0
2025-04-10 21:15:03,3.9375,4,67.66666666666667,16.897048950195312,16.0
2025-04-10 21:15:03,4.1875,4,67.66666666666667,16.383466720581055,16.0
2025-04-10 21:15:03,4.733333333333333,4,67.55263157894737,16.383466720581055,16.0
2025-04-10 21:15:03,5.0,4,67.55263157894737,16.383466720581055,16.0
2025-04-10 21:15:03,5.266666666666667,4,67.55263157894737,16.383466720581055,16.0
2025-04-10 21:15:03,5.1875,5,67.55263157894737,16.383466720581055,16.0
2025-04-10 21:15:03,5.4375,4,67.55263157894737,15.90578842163086,16.0
2025-04-10 21:15:03,5.6875,4,67.55263157894737,15.90578842163086,16.0
2025-04-10 21:15:03,5.588235294117647,5,67.55263157894737,15.90578842163086,16.0
2025-04-10 21:15:03,5.823529411764706,5,67.45549738219896,15.90578842163086,16.0
2025-04-10 21:15:03,6.0588235294117645,4,67.45549738219896,15.90578842163086,16.0
2025-04-10 21:15:03,5.944444444444445,5,67.45549738219896,16.905149459838867,18.0
2025-04-10 21:15:03,6.166666666666667,4,67.45549738219896,16.905149459838867,18.0
2025-04-10 21:15:04,6.764705882352941,4,67.11458333333333,16.905149459838867,18.0
2025-04-10 21:15:04,7.0,4,67.11458333333333,16.905149459838867,18.0
2025-04-10 21:15:04,6.833333333333333,5,67.11458333333333,16.905149459838867,18.0
2025-04-10 21:15:04,6.684210526315789,5,67.11458333333333,17.85120964050293,19.0
2025-04-10 21:15:04,7.277777777777778,4,67.4041450777202,17.85120964050293,19.0
2025-04-10 21:15:04,7.5,4,67.4041450777202,17.85120964050293,19.0
2025-04-10 21:15:04,7.722222222222222,5,67.28865979381443,17.85120964050293,19.0
2025-04-10 21:15:04,7.944444444444445,4,67.28865979381443,17.85120964050293,19.0
2025-04-10 21:15:04,8.222222222222221,5,67.28865979381443,18.194482803344727,18.0
2025-04-10 21:15:04,9.0,5,67.06666666666666,18.194482803344727,18.0
2025-04-10 21:15:04,9.294117647058824,5,67.06666666666666,18.194482803344727,18.0
2025-04-10 21:15:04,9.588235294117647,5,67.06666666666666,18.194482803344727,18.0
2025-04-10 21:15:04,9.882352941176471,5,67.06666666666666,18.194482803344727,18.0
2025-04-10 21:15:04,10.176470588235293,5,67.06666666666666,17.085033416748047,17.0
2025-04-10 21:15:11,11.125,5,66.83673469387755,17.085033416748047,17.0
2025-04-10 21:15:11,11.4375,5,66.83673469387755,17.085033416748047,17.0
2025-04-10 21:15:11,11.75,5,66.83673469387755,17.085033416748047,17.0
2025-04-10 21:15:11,12.0625,5,66.83673469387755,17.085033416748047,17.0
2025-04-10 21:15:11,13.266666666666667,6,66.74619289340102,15.974336624145508,15.0
2025-04-10 21:15:12,14.714285714285714,7,66.6919191919192,15.974336624145508,15.0
2025-04-10 21:15:12,14.2,8,66.6919191919192,15.974336624145508,15.0
2025-04-10 21:15:12,14.666666666666666,7,66.6919191919192,15.974336624145508,15.0
2025-04-10 21:15:12,15.133333333333333,7,66.6919191919192,15.974336624145508,15.0
2025-04-10 21:15:12,12.533333333333333,6,66.6919191919192,14.958334922790527,15.0
2025-04-10 21:15:12,9.933333333333334,5,66.6919191919192,14.958334922790527,15.0
2025-04-10 21:15:12,10.266666666666667,5,66.6919191919192,14.958334922790527,15.0
2025-04-10 21:15:12,10.6,5,66.6919191919192,14.958334922790527,15.0
2025-04-10 21:15:12,10.25,6,66.6919191919192,14.958334922790527,15.0
2025-04-10 21:15:12,10.5625,5,66.6919191919192,14.959863662719727,16.0
2025-04-10 21:15:12,11.6,5,67.1356783919598,14.959863662719727,16.0
2025-04-10 21:15:12,11.933333333333334,5,67.1356783919598,14.959863662719727,16.0
2025-04-10 21:15:12,12.266666666666667,5,67.1356783919598,14.959863662719727,16.0
2025-04-10 21:15:12,12.6,5,67.1356783919598,14.959863662719727,16.0
2025-04-10 21:15:12,12.933333333333334,5,67.1356783919598,14.945125579833984,15.0
2025-04-10 21:15:12,12.4375,6,67.1356783919598,14.945125579833984,15.0
2025-04-10 21:15:12,12.75,5,67.1356783919598,14.945125579833984,15.0
2025-04-10 21:15:12,12.294117647058824,6,67.1356783919598,14.945125579833984,15.0
2025-04-10 21:15:12,12.588235294117647,5,67.1356783919598,14.945125579833984,15.0
2025-04-10 21:15:12,12.941176470588236,6,67.1356783919598,15.689786911010742,17.0
2025-04-10 21:15:12,13.294117647058824,6,67.1356783919598,15.689786911010742,17.0
2025-04-10 21:15:12,13.647058823529411,7,67.215,15.689786911010742,17.0
2025-04-10 21:15:12,14.058823529411764,7,67.215,15.689786911010742,17.0
2025-04-10 21:15:12,10.294117647058824,6,67.215,15.689786911010742,17.0
2025-04-10 21:15:12,8.529411764705882,5,67.215,16.549161911010742,17.0
2025-04-10 21:15:12,8.647058823529411,5,67.215,16.549161911010742,17.0
2025-04-10 21:15:12,8.941176470588236,5,67.215,16.549161911010742,17.0
2025-04-10 21:15:12,8.722222222222221,6,67.215,16.549161911010742,17.0
2025-04-10 21:15:12,9.0,5,67.215,16.549161911010742,17.0
2025-04-10 21:15:12,8.789473684210526,6,67.215,17.178730010986328,19.0
2025-04-10 21:15:12,9.052631578947368,6,67.48756218905473,17.178730010986328,19.0
2025-04-10 21:15:12,9.31578947368421,5,67.48756218905473,17.178730010986328,19.0
2025-04-10 21:15:12,9.578947368421053,5,67.48756218905473,17.178730010986328,19.0
2025-04-10 21:15:12,9.894736842105264,6,67.48756218905473,17.178730010986328,19.0
2025-04-10 21:15:12,10.777777777777779,6,67.89603960396039,18.12113380432129,18.0
2025-04-10 21:15:13,11.11111111111111,6,67.89603960396039,18.12113380432129,18.0
2025-04-10 21:15:13,11.882352941176471,5,67.69950738916256,18.12113380432129,18.0
2025-04-10 21:15:13,12.176470588235293,5,67.69950738916256,18.12113380432129,18.0
2025-04-10 21:15:13,12.470588235294118,5,67.69950738916256,18.12113380432129,18.0
2025-04-10 21:15:13,12.764705882352942,5,67.69950738916256,17.5181884765625,17.0
2025-04-10 21:15:13,13.058823529411764,5,67.69950738916256,17.5181884765625,17.0
2025-04-10 21:15:13,14.1875,5,68.03921568627452,17.5181884765625,17.0
2025-04-10 21:15:13,7.588235294117647,5,68.03921568627452,17.5181884765625,17.0
2025-04-10 21:15:13,8.3125,4,67.83414634146341,17.5181884765625,17.0
2025-04-10 21:15:13,9.133333333333333,4,68.00970873786407,16.263166427612305,15.0
2025-04-10 21:15:13,8.8125,5,68.00970873786407,16.263166427612305,15.0
2025-04-10 21:15:13,9.125,5,68.00970873786407,16.263166427612305,15.0
2025-04-10 21:15:13,9.4375,5,68.00970873786407,16.263166427612305,15.0
2025-04-10 21:15:13,9.176470588235293,6,68.00970873786407,16.263166427612305,15.0
2025-04-10 21:15:13,9.470588235294118,5,68.00970873786407,16.003665924072266,17.0
2025-04-10 21:15:13,9.764705882352942,5,68.00970873786407,16.003665924072266,17.0
2025-04-10 21:15:13,10.058823529411764,5,68.00970873786407,16.003665924072266,17.0
2025-04-10 21:15:13,9.777777777777779,6,68.00970873786407,16.003665924072266,17.0
2025-04-10 21:15:13,9.578947368421053,7,68.00970873786407,16.003665924072266,17.0
2025-04-10 21:15:13,9.789473684210526,5,68.00970873786407,17.07396697998047,19.0
2025-04-10 21:15:13,10.052631578947368,5,68.00970873786407,17.07396697998047,19.0
2025-04-10 21:15:13,9.8,6,68.00970873786407,17.07396697998047,19.0
2025-04-10 21:15:13,10.578947368421053,5,68.01932367149759,17.07396697998047,19.0
2025-04-10 21:15:13,10.842105263157896,5,68.01932367149759,17.07396697998047,19.0
2025-04-10 21:15:13,11.105263157894736,5,68.01932367149759,18.474361419677734,19.0
2025-04-10 21:15:13,11.368421052631579,5,68.01932367149759,18.474361419677734,19.0
2025-04-10 21:15:13,7.9,5,68.01932367149759,18.474361419677734,19.0
2025-04-10 21:15:13,5.9,3,68.01932367149759,18.474361419677734,19.0
2025-04-10 21:15:13,5.15,2,68.01932367149759,18.474361419677734,19.0
2025-04-10 21:15:13,5.526315789473684,2,67.7451923076923,19.225482940673828,19.0
2025-04-10 21:15:14,5.35,3,67.7451923076923,19.225482940673828,19.0
2025-04-10 21:15:14,5.5,3,67.7451923076923,19.225482940673828,19.0
2025-04-10 21:15:14,5.65,3,67.7451923076923,19.225482940673828,19.0
2025-04-10 21:15:14,5.8,3,67.7451923076923,19.225482940673828,19.0
2025-04-10 21:15:14,6.2631578947368425,3,67.82775119617224,19.53026008605957,19.0
2025-04-10 21:15:14,6.421052631578948,3,67.82775119617224,19.53026008605957,19.0
2025-04-10 21:15:14,6.578947368421052,3,67.82775119617224,19.53026008605957,19.0
2025-04-10 21:15:14,6.4,4,67.82775119617224,19.53026008605957,19.0
2025-04-10 21:15:14,6.238095238095238,4,67.82775119617224,19.53026008605957,19.0
2025-04-10 21:15:14,6.380952380952381,3,67.82775119617224,19.753252029418945,21.0
2025-04-10 21:15:14,6.523809523809524,3,67.82775119617224,19.753252029418945,21.0
2025-04-10 21:15:14,7.0,3,67.72857142857143,19.753252029418945,21.0
2025-04-10 21:15:14,7.526315789473684,3,67.48341232227489,19.753252029418945,21.0
2025-04-10 21:15:14,7.7368421052631575,4,67.48341232227489,19.753252029418945,21.0
2025-04-10 21:15:14,7.947368421052632,4,67.48341232227489,19.598388671875,19.0
2025-04-10 21:15:14,7.8,6,67.48341232227489,19.598388671875,19.0
2025-04-10 21:15:14,3.95,4,67.48341232227489,19.598388671875,19.0
2025-04-10 21:15:14,3.6666666666666665,3,68.20657276995306,19.598388671875,19.0
2025-04-10 21:15:14,3.888888888888889,4,68.20657276995306,19.598388671875,19.0
2025-04-10 21:15:14,4.111111111111111,4,68.20657276995306,18.81536865234375,18.0
2025-04-10 21:15:14,4.333333333333333,4,68.20657276995306,18.81536865234375,18.0
2025-04-10 21:15:14,4.823529411764706,4,68.2196261682243,18.81536865234375,18.0
2025-04-10 21:15:14,4.777777777777778,5,68.2196261682243,18.81536865234375,18.0
2025-04-10 21:15:14,5.055555555555555,5,68.2196261682243,18.81536865234375,18.0
2025-04-10 21:15:14,5.647058823529412,5,68.42790697674418,17.73317527770996,17.0
2025-04-10 21:15:14,5.9411764705882355,5,68.42790697674418,17.73317527770996,17.0
2025-04-10 21:15:14,6.294117647058823,7,68.23148148148148,17.73317527770996,17.0
2025-04-10 21:15:14,6.647058823529412,6,68.23148148148148,17.73317527770996,17.0
2025-04-10 21:15:14,7.0,6,68.23148148148148,17.73317527770996,17.0
2025-04-10 21:15:14,6.944444444444445,7,68.23148148148148,17.058191299438477,18.0
2025-04-10 21:15:22,7.764705882352941,7,68.35023041474655,17.058191299438477,18.0
2025-04-10 21:15:22,8.176470588235293,7,68.35023041474655,17.058191299438477,18.0
2025-04-10 21:15:22,8.647058823529411,8,68.35023041474655,17.058191299438477,18.0
2025-04-10 21:15:22,9.117647058823529,8,68.35023041474655,17.058191299438477,18.0
2025-04-10 21:15:22,9.588235294117647,8,68.35023041474655,16.800384521484375,17.0
2025-04-10 21:15:22,10.058823529411764,8,68.35023041474655,16.800384521484375,17.0
2025-04-10 21:15:22,11.25,9,68.6697247706422,16.800384521484375,17.0
2025-04-10 21:15:22,11.8125,9,68.6697247706422,16.800384521484375,17.0
2025-04-10 21:15:22,12.375,9,68.6697247706422,16.800384521484375,17.0
2025-04-10 21:15:22,13.8,9,68.6392694063927,16.25147247314453,15.0
2025-04-10 21:15:22,14.4,9,68.6392694063927,16.25147247314453,15.0
2025-04-10 21:15:22,15.0,9,68.6392694063927,16.25147247314453,15.0
2025-04-10 21:15:22,15.6,9,68.6392694063927,16.25147247314453,15.0
2025-04-10 21:15:22,16.2,9,68.6392694063927,16.25147247314453,15.0
2025-04-10 21:15:22,16.8,9,68.6392694063927,15.304889678955078,15.0
2025-04-10 21:15:23,17.4,9,68.6392694063927,15.304889678955078,15.0
2025-04-10 21:15:23,18.0,9,68.6392694063927,15.304889678955078,15.0
2025-04-10 21:15:23,18.6,9,68.6392694063927,15.304889678955078,15.0
2025-04-10 21:15:23,20.642857142857142,10,68.62272727272727,15.304889678955078,15.0
2025-04-10 21:15:23,21.357142857142858,10,68.62272727272727,14.700044631958008,14.0
2025-04-10 21:15:23,22.071428571428573,10,68.62272727272727,14.700044631958008,14.0
2025-04-10 21:15:23,16.285714285714285,10,68.62272727272727,14.700044631958008,14.0
2025-04-10 21:15:23,14.142857142857142,9,68.62272727272727,14.700044631958008,14.0
2025-04-10 21:15:23,12.571428571428571,8,68.62272727272727,14.700044631958008,14.0
2025-04-10 21:15:23,11.071428571428571,7,68.62272727272727,14.202242851257324,14.0
2025-04-10 21:15:23,10.538461538461538,7,68.93212669683258,14.202242851257324,14.0
2025-04-10 21:15:23,8.5,7,68.93212669683258,14.202242851257324,14.0
2025-04-10 21:15:23,8.928571428571429,6,68.93212669683258,14.202242851257324,14.0
2025-04-10 21:15:23,9.357142857142858,6,68.93212669683258,14.202242851257324,14.0
2025-04-10 21:15:23,8.142857142857142,6,68.93212669683258,13.84528923034668,14.0
2025-04-10 21:15:23,8.642857142857142,7,68.93212669683258,13.84528923034668,14.0
2025-04-10 21:15:23,9.142857142857142,7,68.93212669683258,13.84528923034668,14.0
2025-04-10 21:15:23,10.461538461538462,8,69.05855855855856,13.84528923034668,14.0
2025-04-10 21:15:23,11.153846153846153,9,69.05855855855856,13.84528923034668,14.0
2025-04-10 21:15:23,11.846153846153847,9,69.05855855855856,13.582755088806152,13.0
2025-04-10 21:15:23,12.538461538461538,9,69.05855855855856,13.582755088806152,13.0
2025-04-10 21:15:23,13.23076923076923,9,69.05855855855856,13.582755088806152,13.0
2025-04-10 21:15:23,12.615384615384615,8,69.05855855855856,13.582755088806152,13.0
2025-04-10 21:15:23,13.23076923076923,8,69.05855855855856,13.582755088806152,13.0
2025-04-10 21:15:23,13.846153846153847,8,69.05855855855856,13.15682315826416,13.0
2025-04-10 21:15:23,14.461538461538462,8,69.05855855855856,13.15682315826416,13.0
2025-04-10 21:15:23,15.076923076923077,8,69.05855855855856,13.15682315826416,13.0
2025-04-10 21:15:23,17.0,8,69.04035874439462,13.15682315826416,13.0
2025-04-10 21:15:23,19.272727272727273,8,69.45089285714286,13.15682315826416,13.0
2025-04-10 21:15:23,20.0,8,69.45089285714286,12.512655258178711,11.0
2025-04-10 21:15:23,20.727272727272727,8,69.45089285714286,12.512655258178711,11.0
2025-04-10 21:15:23,21.454545454545453,8,69.45089285714286,12.512655258178711,11.0
2025-04-10 21:15:23,22.181818181818183,8,69.45089285714286,12.512655258178711,11.0
2025-04-10 21:15:23,22.90909090909091,8,69.45089285714286,12.512655258178711,11.0
2025-04-10 21:15:23,23.636363636363637,8,69.45089285714286,11.524090766906738,11.0
2025-04-10 21:15:24,24.363636363636363,8,69.45089285714286,11.524090766906738,11.0
2025-04-10 21:15:24,25.09090909090909,8,69.45089285714286,11.524090766906738,11.0
2025-04-10 21:15:24,25.818181818181817,8,69.45089285714286,11.524090766906738,11.0
2025-04-10 21:15:24,26.545454545454547,8,69.45089285714286,11.524090766906738,11.0
2025-04-10 21:15:24,30.0,8,69.48,11.017065048217773,10.0
2025-04-10 21:15:24,30.8,8,69.48,11.017065048217773,10.0
2025-04-10 21:15:24,28.4,7,69.48,11.017065048217773,10.0
2025-04-10 21:15:24,32.333333333333336,7,69.4424778761062,11.017065048217773,10.0
2025-04-10 21:15:24,33.111111111111114,7,69.4424778761062,11.017065048217773,10.0
2025-04-10 21:15:24,33.888888888888886,7,69.4424778761062,10.253915786743164,9.0
2025-04-10 21:15:24,34.666666666666664,7,69.4424778761062,10.253915786743164,9.0
2025-04-10 21:15:24,35.44444444444444,7,69.4424778761062,10.253915786743164,9.0
2025-04-10 21:15:24,40.75,7,69.29515418502203,10.253915786743164,9.0
2025-04-10 21:15:24,41.625,7,69.29515418502203,10.253915786743164,9.0
2025-04-10 21:15:24,42.5,7,69.29515418502203,9.18227481842041,8.0
2025-04-10 21:15:24,43.375,7,69.29515418502203,9.18227481842041,8.0
2025-04-10 21:15:24,44.25,7,69.29515418502203,9.18227481842041,8.0
2025-04-10 21:15:24,45.125,7,69.29515418502203,9.18227481842041,8.0
2025-04-10 21:15:24,46.0,7,69.29515418502203,9.18227481842041,8.0
2025-04-10 21:15:24,46.875,7,69.29515418502203,8.58250617980957,8.0
2025-04-10 21:15:24,47.75,7,69.29515418502203,8.58250617980957,8.0
2025-04-10 21:15:24,48.625,7,69.29515418502203,8.58250617980957,8.0
2025-04-10 21:15:24,49.5,7,69.29515418502203,8.58250617980957,8.0
2025-04-10 21:15:24,50.375,7,69.29515418502203,8.58250617980957,8.0
2025-04-10 21:15:24,51.25,7,69.29515418502203,8.429838180541992,8.0
2025-04-10 21:15:24,40.75,6,69.29515418502203,8.429838180541992,8.0
2025-04-10 21:15:24,30.375,5,69.29515418502203,8.429838180541992,8.0
2025-04-10 21:15:24,24.875,4,69.29515418502203,8.429838180541992,8.0
2025-04-10 21:15:24,19.25,3,69.29515418502203,8.429838180541992,8.0
2025-04-10 21:15:24,13.625,2,69.29515418502203,8.429838180541992,8.0
2025-04-10 21:15:24,7.875,1,69.29515418502203,8.429838180541992,8.0
2025-04-10 21:15:24,8.0,1,69.29515418502203,8.429838180541992,8.0
2025-04-10 21:15:24,8.125,1,69.29515418502203,8.429838180541992,8.0
2025-04-10 21:15:24,8.25,1,69.29515418502203,8.429838180541992,8.0
2025-04-10 21:15:24,8.375,1,69.29515418502203,8.429838180541992,8.0
2025-04-10 21:15:25,8.5,1,69.29515418502203,8.429838180541992,8.0
2025-04-10 21:15:25,8.75,2,69.29515418502203,8.429838180541992,8.0
2025-04-10 21:15:25,10.285714285714286,2,69.37719298245614,8.429838180541992,8.0
2025-04-10 21:15:25,10.571428571428571,2,69.37719298245614,8.429838180541992,8.0
2025-04-10 21:15:25,12.666666666666666,2,69.78602620087337,8.078044891357422,6.0
2025-04-10 21:15:25,13.0,2,69.78602620087337,8.078044891357422,6.0
2025-04-10 21:15:25,13.333333333333334,2,69.78602620087337,8.078044891357422,6.0
2025-04-10 21:15:25,13.666666666666666,2,69.78602620087337,8.078044891357422,6.0
2025-04-10 21:15:25,14.0,2,69.78602620087337,8.078044891357422,6.0
2025-04-10 21:15:25,14.333333333333334,2,69.78602620087337,7.227994918823242,6.0
2025-04-10 21:15:25,14.666666666666666,2,69.78602620087337,7.227994918823242,6.0
2025-04-10 21:15:25,15.0,2,69.78602620087337,7.227994918823242,6.0
2025-04-10 21:15:25,15.333333333333334,2,69.78602620087337,7.227994918823242,6.0
2025-04-10 21:15:25,15.666666666666666,2,69.78602620087337,7.227994918823242,6.0
2025-04-10 21:15:25,16.0,2,69.78602620087337,6.435094833374023,6.0
2025-04-10 21:15:33,16.333333333333332,2,69.78602620087337,6.435094833374023,6.0
2025-04-10 21:15:33,16.666666666666668,2,69.78602620087337,6.435094833374023,6.0
2025-04-10 21:15:33,17.0,2,69.78602620087337,6.435094833374023,6.0
2025-04-10 21:15:33,17.333333333333332,2,69.78602620087337,6.435094833374023,6.0
2025-04-10 21:15:33,17.666666666666668,2,69.78602620087337,6.435094833374023,6.0
2025-04-10 21:15:33,18.0,2,69.78602620087337,6.435094833374023,6.0
2025-04-10 21:15:33,18.333333333333332,2,69.78602620087337,6.435094833374023,6.0
2025-04-10 21:15:33,18.666666666666668,2,69.78602620087337,6.435094833374023,6.0
2025-04-10 21:15:33,28.5,2,70.5021645021645,6.435094833374023,6.0
2025-04-10 21:15:33,29.0,2,70.5021645021645,6.0027546882629395,4.0
2025-04-10 21:15:33,29.5,2,70.5021645021645,6.0027546882629395,4.0
2025-04-10 21:15:33,30.0,2,70.5021645021645,6.0027546882629395,4.0
2025-04-10 21:15:33,30.5,2,70.5021645021645,6.0027546882629395,4.0
2025-04-10 21:15:33,7.0,1,70.5021645021645,6.0027546882629395,4.0
2025-04-10 21:15:33,7.25,1,70.5021645021645,5.060257911682129,4.0
2025-04-10 21:15:33,7.5,1,70.5021645021645,5.060257911682129,4.0
2025-04-10 21:15:33,7.75,1,70.5021645021645,5.060257911682129,4.0
2025-04-10 21:15:33,8.0,1,70.5021645021645,5.060257911682129,4.0
2025-04-10 21:15:33,8.25,1,70.5021645021645,5.060257911682129,4.0
2025-04-10 21:15:33,8.5,1,70.5021645021645,4.574808597564697,4.0
2025-04-10 21:15:33,8.75,1,70.5021645021645,4.574808597564697,4.0
2025-04-10 21:15:33,9.0,1,70.5021645021645,4.574808597564697,4.0
2025-04-10 21:15:33,9.25,1,70.5021645021645,4.574808597564697,4.0
2025-04-10 21:15:33,9.5,1,70.5021645021645,4.574808597564697,4.0
2025-04-10 21:15:33,9.75,1,70.5021645021645,4.574808597564697,4.0
2025-04-10 21:15:33,10.0,1,70.5021645021645,4.574808597564697,4.0
2025-04-10 21:15:33,10.25,1,70.5021645021645,4.574808597564697,4.0
2025-04-10 21:15:33,14.0,1,70.78017241379311,4.574808597564697,4.0
2025-04-10 21:15:33,14.333333333333334,1,70.78017241379311,4.574808597564697,4.0
2025-04-10 21:15:33,0.0,0,70.78017241379311,4.270559787750244,3.0
2025-04-10 21:15:33,0.0,0,70.78017241379311,4.270559787750244,3.0
2025-04-10 21:15:34,0.0,0,71.3304721030043,4.270559787750244,3.0
2025-04-10 21:15:34,0.0,0,71.3304721030043,4.270559787750244,3.0
2025-04-10 21:15:34,0.0,0,71.3304721030043,4.270559787750244,3.0
2025-04-10 21:15:34,0.0,0,71.3304721030043,3.4458999633789062,2.0
2025-04-10 21:15:34,0.0,0,71.3304721030043,3.4458999633789062,2.0
2025-04-10 21:15:34,0.0,0,71.3304721030043,3.4458999633789062,2.0
2025-04-10 21:15:34,0.0,0,71.3304721030043,3.4458999633789062,2.0
2025-04-10 21:15:34,0.0,0,71.3304721030043,3.4458999633789062,2.0
2025-04-10 21:15:34,0.0,0,71.3304721030043,2.860132932662964,2.0
2025-04-10 21:15:34,0.0,0,71.3304721030043,2.860132932662964,2.0
2025-04-10 21:15:34,0.0,0,71.3304721030043,2.860132932662964,2.0
2025-04-10 21:15:34,0.0,0,71.81623931623932,2.860132932662964,2.0
2025-04-10 21:15:34,0.0,0,71.81623931623932,2.860132932662964,2.0
2025-04-10 21:15:34,0.0,0,71.81623931623932,2.495251417160034,1.0
2025-04-10 21:15:34,0.0,0,71.81623931623932,2.495251417160034,1.0
2025-04-10 21:15:34,0.0,0,71.81623931623932,2.495251417160034,1.0
2025-04-10 21:15:34,0.0,0,71.81623931623932,2.495251417160034,1.0
2025-04-10 21:15:34,0.0,0,71.81623931623932,2.495251417160034,1.0
2025-04-10 21:15:34,0.0,0,72.20851063829787,1.952133297920227,0.001
