timestamp,waiting_time,queue_length,travel_time,predictions,actual_flows,timing_adjustments,model_type
2025-04-17 01:37:07,0.0,0,0.0,0.0,0.001,0.0,bigru
2025-04-17 01:37:07,0.0,0,0.0,0.0,0.001,0.0,bigru
2025-04-17 01:37:07,0.0,0,0.0,0.0,0.001,0.0,bigru
2025-04-17 01:37:07,0.0,0,0.0,0.0,0.001,0.0,bigru
2025-04-17 01:37:07,0.0,0,0.0,0.0,0.001,0.0,bigru
2025-04-17 01:37:07,0.0,0,0.0,0.0,0.001,0.0,bigru
2025-04-17 01:37:07,0.0,0,0.0,0.0,0.001,0.0,bigru
2025-04-17 01:37:07,0.0,1,0.0,0.0,1.0,0.0,bigru
2025-04-17 01:37:07,0.0,0,1.0,0.0,1.0,0.0,bigru
2025-04-17 01:37:07,0.0,0,2.0,0.0,1.0,0.0,bigru
2025-04-17 01:37:07,0.0,0,3.0,0.0,1.0,0.0,bigru
2025-04-17 01:37:07,0.0,0,4.0,0.0,1.0,0.0,bigru
2025-04-17 01:37:07,0.0,0,5.0,0.0,1.0,0.0,bigru
2025-04-17 01:37:07,0.0,1,6.0,0.0,2.0,0.0,bigru
2025-04-17 01:37:07,0.0,1,4.0,0.0,3.0,0.0,bigru
2025-04-17 01:37:07,0.0,0,3.6666666666666665,0.0,3.0,0.0,bigru
2025-04-17 01:37:07,0.0,0,4.666666666666667,0.0,3.0,0.0,bigru
2025-04-17 01:37:07,0.0,1,5.666666666666667,0.0,4.0,0.0,bigru
2025-04-17 01:37:07,0.0,0,5.25,0.0,4.0,0.0,bigru
2025-04-17 01:37:07,0.0,0,6.25,0.0,4.0,0.0,bigru
2025-04-17 01:37:07,0.0,0,7.25,0.0,4.0,0.0,bigru
2025-04-17 01:37:07,0.0,1,8.25,0.0,5.0,0.0,bigru
2025-04-17 01:37:07,0.0,0,7.6,0.0,5.0,0.0,bigru
2025-04-17 01:37:08,0.0,0,8.6,0.0,5.0,0.0,bigru
2025-04-17 01:37:08,0.0,1,9.6,0.0,6.0,0.0,bigru
2025-04-17 01:37:08,0.0,0,9.0,0.0,6.0,0.0,bigru
2025-04-17 01:37:08,0.0,0,13.0,0.0,5.0,0.0,bigru
2025-04-17 01:37:08,0.16666666666666666,2,10.4,0.0,6.0,0.0,bigru
2025-04-17 01:37:08,0.2857142857142857,2,9.666666666666666,0.0,7.0,0.0,bigru
2025-04-17 01:37:08,0.375,2,9.285714285714286,0.0,8.0,0.0,bigru
2025-04-17 01:37:08,0.5,1,9.125,0.0,8.0,0.0,bigru
2025-04-17 01:37:08,0.625,1,10.125,0.0,8.0,0.0,bigru
2025-04-17 01:37:08,0.0,0,11.125,0.0,8.0,0.0,bigru
2025-04-17 01:37:08,0.0,0,12.125,0.0,8.0,0.0,bigru
2025-04-17 01:37:08,0.0,0,13.125,0.0,8.0,0.0,bigru
2025-04-17 01:37:08,0.0,0,14.125,0.0,8.0,0.0,bigru
2025-04-17 01:37:08,0.125,1,15.125,0.0,8.0,0.0,bigru
2025-04-17 01:37:08,0.25,1,16.125,0.0,8.0,0.0,bigru
2025-04-17 01:37:08,0.375,1,17.125,0.0,8.0,0.0,bigru
2025-04-17 01:37:08,0.4444444444444444,2,18.125,10.326423168182373,9.0,38.0,bigru
2025-04-17 01:37:16,0.5555555555555556,1,17.11111111111111,0.0,9.0,0.0,bigru
2025-04-17 01:37:16,0.75,1,34.0,0.0,8.0,0.0,bigru
2025-04-17 01:37:16,0.875,1,17.125,0.0,8.0,0.0,bigru
2025-04-17 01:37:16,1.0,1,18.125,0.0,8.0,0.0,bigru
2025-04-17 01:37:16,1.125,1,19.125,10.295869588851929,8.0,37.0,bigru
2025-04-17 01:37:16,1.25,1,20.125,0.0,8.0,0.0,bigru
2025-04-17 01:37:16,1.5,2,21.125,0.0,8.0,0.0,bigru
2025-04-17 01:37:16,1.75,2,22.125,0.0,8.0,0.0,bigru
2025-04-17 01:37:17,2.0,2,23.125,0.0,8.0,0.0,bigru
2025-04-17 01:37:17,2.25,2,24.125,10.275047063827515,8.0,37.0,bigru
2025-04-17 01:37:17,2.2222222222222223,3,25.125,0.0,9.0,0.0,bigru
2025-04-17 01:37:17,2.2,3,23.333333333333332,0.0,10.0,0.0,bigru
2025-04-17 01:37:17,2.1818181818181817,3,22.0,0.0,11.0,0.0,bigru
2025-04-17 01:37:17,2.1666666666666665,3,21.0,0.0,12.0,0.0,bigru
2025-04-17 01:37:17,2.5454545454545454,2,37.0,11.577688694000244,11.0,38.0,bigru
2025-04-17 01:37:17,2.727272727272727,3,16.0,0.0,11.0,0.0,bigru
2025-04-17 01:37:17,2.909090909090909,2,19.272727272727273,0.0,11.0,0.0,bigru
2025-04-17 01:37:17,3.090909090909091,2,20.272727272727273,0.0,11.0,0.0,bigru
2025-04-17 01:37:17,3.272727272727273,2,21.272727272727273,0.0,11.0,0.0,bigru
2025-04-17 01:37:17,3.4545454545454546,2,22.272727272727273,12.65758466720581,11.0,37.0,bigru
2025-04-17 01:37:17,3.3333333333333335,3,23.272727272727273,0.0,12.0,0.0,bigru
2025-04-17 01:37:17,3.230769230769231,3,22.333333333333332,0.0,13.0,0.0,bigru
2025-04-17 01:37:17,3.3846153846153846,2,21.615384615384617,0.0,13.0,0.0,bigru
2025-04-17 01:37:17,3.2857142857142856,3,22.615384615384617,0.0,14.0,0.0,bigru
2025-04-17 01:37:17,3.4285714285714284,2,22.0,14.09295380115509,14.0,36.0,bigru
2025-04-17 01:37:17,3.4,4,23.0,0.0,15.0,0.0,bigru
2025-04-17 01:37:17,3.375,4,22.466666666666665,0.0,16.0,0.0,bigru
2025-04-17 01:37:17,3.625,4,22.0625,0.0,16.0,0.0,bigru
2025-04-17 01:37:17,4.2,5,15.0,0.0,15.0,0.0,bigru
2025-04-17 01:37:17,4.25,6,24.6,16.074058055877686,16.0,36.0,bigru
2025-04-17 01:37:17,4.5625,5,24.0625,0.0,16.0,0.0,bigru
2025-04-17 01:37:17,4.875,6,42.0,0.0,16.0,0.0,bigru
2025-04-17 01:37:17,5.1875,5,23.4375,0.0,16.0,0.0,bigru
2025-04-17 01:37:17,6.285714285714286,5,31.5,0.0,14.0,0.0,bigru
2025-04-17 01:37:17,6.2,6,24.428571428571427,16.902312397956848,15.0,35.0,bigru
2025-04-17 01:37:17,6.533333333333333,5,23.8,0.0,15.0,0.0,bigru
2025-04-17 01:37:17,7.357142857142857,5,62.0,0.0,14.0,0.0,bigru
2025-04-17 01:37:17,8.307692307692308,5,25.0,0.0,13.0,0.0,bigru
2025-04-17 01:37:17,8.692307692307692,5,24.0,0.0,13.0,0.0,bigru
2025-04-17 01:37:17,8.428571428571429,6,25.0,16.110399842262268,14.0,34.0,bigru
2025-04-17 01:37:18,9.461538461538462,5,17.0,0.0,13.0,0.0,bigru
2025-04-17 01:37:18,9.846153846153847,5,25.76923076923077,0.0,13.0,0.0,bigru
2025-04-17 01:37:18,9.5,6,26.76923076923077,0.0,14.0,0.0,bigru
2025-04-17 01:37:18,9.857142857142858,5,25.857142857142858,0.0,14.0,0.0,bigru
2025-04-17 01:37:18,13.0,5,14.0,14.956602573394775,11.0,34.0,bigru
2025-04-17 01:37:18,13.454545454545455,5,31.363636363636363,0.0,11.0,0.0,bigru
2025-04-17 01:37:18,15.4,6,7.0,0.0,10.0,0.0,bigru
2025-04-17 01:37:18,16.0,6,35.9,0.0,10.0,0.0,bigru
2025-04-17 01:37:18,16.6,6,36.9,0.0,10.0,0.0,bigru
2025-04-17 01:37:18,17.2,6,37.9,13.308469891548157,10.0,35.0,bigru
2025-04-17 01:37:18,17.8,6,38.9,0.0,10.0,0.0,bigru
2025-04-17 01:37:18,18.4,6,39.9,0.0,10.0,0.0,bigru
2025-04-17 01:37:18,19.0,6,40.9,0.0,10.0,0.0,bigru
2025-04-17 01:37:18,17.818181818181817,7,41.9,0.0,11.0,0.0,bigru
2025-04-17 01:37:18,16.833333333333332,7,39.09090909090909,12.50890338420868,12.0,36.0,bigru
2025-04-17 01:37:18,17.333333333333332,6,36.833333333333336,0.0,12.0,0.0,bigru
2025-04-17 01:37:18,17.833333333333332,6,37.833333333333336,0.0,12.0,0.0,bigru
2025-04-17 01:37:18,18.333333333333332,6,38.833333333333336,0.0,12.0,0.0,bigru
2025-04-17 01:37:18,18.833333333333332,6,39.833333333333336,0.0,12.0,0.0,bigru
2025-04-17 01:37:18,19.333333333333332,6,40.833333333333336,13.165091872215271,12.0,36.0,bigru
2025-04-17 01:37:18,19.833333333333332,6,41.833333333333336,0.0,12.0,0.0,bigru
2025-04-17 01:37:18,18.76923076923077,7,42.833333333333336,0.0,13.0,0.0,bigru
2025-04-17 01:37:18,19.23076923076923,6,40.53846153846154,0.0,13.0,0.0,bigru
2025-04-17 01:37:18,18.285714285714285,7,41.53846153846154,0.0,14.0,0.0,bigru
2025-04-17 01:37:18,18.714285714285715,7,83.0,14.506816506385803,14.0,36.0,bigru
2025-04-17 01:37:18,19.142857142857142,6,34.642857142857146,0.0,14.0,0.0,bigru
2025-04-17 01:37:18,19.571428571428573,6,35.642857142857146,0.0,14.0,0.0,bigru
2025-04-17 01:37:18,20.0,6,36.642857142857146,0.0,14.0,0.0,bigru
2025-04-17 01:37:18,20.428571428571427,6,37.642857142857146,0.0,14.0,0.0,bigru
2025-04-17 01:37:18,20.928571428571427,7,38.642857142857146,15.24638307094574,14.0,35.0,bigru
2025-04-17 01:37:19,21.428571428571427,7,39.642857142857146,0.0,14.0,0.0,bigru
2025-04-17 01:37:19,17.214285714285715,6,40.642857142857146,0.0,14.0,0.0,bigru
2025-04-17 01:37:19,17.357142857142858,5,41.642857142857146,0.0,14.0,0.0,bigru
2025-04-17 01:37:19,16.533333333333335,6,42.642857142857146,0.0,15.0,0.0,bigru
2025-04-17 01:37:19,16.866666666666667,5,40.8,15.905848145484924,15.0,35.0,bigru
2025-04-17 01:37:19,17.266666666666666,6,41.8,0.0,15.0,0.0,bigru
2025-04-17 01:37:19,17.666666666666668,6,42.8,0.0,15.0,0.0,bigru
2025-04-17 01:37:19,16.9375,7,43.8,0.0,16.0,0.0,bigru
2025-04-17 01:37:19,17.3125,7,52.0,0.0,16.0,0.0,bigru
2025-04-17 01:37:19,18.866666666666667,6,16.0,16.477351784706116,15.0,35.0,bigru
2025-04-17 01:37:19,19.266666666666666,6,42.4,0.0,15.0,0.0,bigru
2025-04-17 01:37:19,19.666666666666668,6,43.4,0.0,15.0,0.0,bigru
2025-04-17 01:37:19,20.066666666666666,6,44.4,0.0,15.0,0.0,bigru
2025-04-17 01:37:19,20.466666666666665,6,45.4,0.0,15.0,0.0,bigru
2025-04-17 01:37:19,20.866666666666667,7,97.0,16.706526160240173,15.0,34.0,bigru
2025-04-17 01:37:19,21.266666666666666,6,40.93333333333333,0.0,15.0,0.0,bigru
2025-04-17 01:37:19,21.666666666666668,6,41.93333333333333,0.0,15.0,0.0,bigru
2025-04-17 01:37:19,22.066666666666666,6,42.93333333333333,0.0,15.0,0.0,bigru
2025-04-17 01:37:19,22.466666666666665,6,43.93333333333333,0.0,15.0,0.0,bigru
2025-04-17 01:37:19,22.866666666666667,7,25.0,16.54973816871643,15.0,34.0,bigru
2025-04-17 01:37:19,17.875,6,44.266666666666666,0.0,16.0,0.0,bigru
2025-04-17 01:37:19,15.3125,4,42.5,0.0,16.0,0.0,bigru
2025-04-17 01:37:19,16.6,4,39.0,0.0,15.0,0.0,bigru
2025-04-17 01:37:19,16.866666666666667,4,44.8,0.0,15.0,0.0,bigru
2025-04-17 01:37:19,17.133333333333333,4,45.8,16.68742346763611,15.0,34.0,bigru
2025-04-17 01:37:19,18.642857142857142,4,6.0,0.0,14.0,0.0,bigru
2025-04-17 01:37:19,18.928571428571427,4,50.714285714285715,0.0,14.0,0.0,bigru
2025-04-17 01:37:19,18.0,6,51.714285714285715,0.0,15.0,0.0,bigru
2025-04-17 01:37:20,18.333333333333332,5,49.266666666666666,0.0,15.0,0.0,bigru
2025-04-17 01:37:20,20.0,6,32.0,15.170027732849121,14.0,33.0,bigru
2025-04-17 01:37:28,20.357142857142858,5,50.285714285714285,0.0,14.0,0.0,bigru
2025-04-17 01:37:28,22.307692307692307,5,80.0,0.0,13.0,0.0,bigru
2025-04-17 01:37:28,22.692307692307693,5,50.07692307692308,0.0,13.0,0.0,bigru
2025-04-17 01:37:28,23.076923076923077,5,51.07692307692308,0.0,13.0,0.0,bigru
2025-04-17 01:37:28,23.46153846153846,5,52.07692307692308,13.981359481811523,13.0,32.0,bigru
2025-04-17 01:37:29,25.833333333333332,5,76.0,0.0,12.0,0.0,bigru
2025-04-17 01:37:29,26.25,5,52.166666666666664,0.0,12.0,0.0,bigru
2025-04-17 01:37:29,29.09090909090909,5,10.0,0.0,11.0,0.0,bigru
2025-04-17 01:37:29,29.545454545454547,5,58.09090909090909,0.0,11.0,0.0,bigru
2025-04-17 01:37:29,22.454545454545453,4,59.09090909090909,12.556225776672363,11.0,32.0,bigru
2025-04-17 01:37:29,25.2,5,90.0,0.0,10.0,0.0,bigru
2025-04-17 01:37:29,25.7,5,58.1,0.0,10.0,0.0,bigru
2025-04-17 01:37:29,26.2,5,59.1,0.0,10.0,0.0,bigru
2025-04-17 01:37:29,26.7,5,60.1,0.0,10.0,0.0,bigru
2025-04-17 01:37:29,27.2,5,61.1,11.360984802246094,10.0,33.0,bigru
2025-04-17 01:37:29,27.7,6,105.0,0.0,10.0,0.0,bigru
2025-04-17 01:37:29,28.2,5,52.6,0.0,10.0,0.0,bigru
2025-04-17 01:37:29,28.8,6,53.6,0.0,10.0,0.0,bigru
2025-04-17 01:37:29,29.4,6,54.6,0.0,10.0,0.0,bigru
2025-04-17 01:37:29,30.0,6,55.6,10.889052391052246,10.0,34.0,bigru
2025-04-17 01:37:29,27.818181818181817,7,56.6,0.0,11.0,0.0,bigru
2025-04-17 01:37:29,28.363636363636363,6,52.45454545454545,0.0,11.0,0.0,bigru
2025-04-17 01:37:29,26.5,7,53.45454545454545,0.0,12.0,0.0,bigru
2025-04-17 01:37:29,27.0,7,45.0,0.0,12.0,0.0,bigru
2025-04-17 01:37:29,30.0,6,34.0,11.736712455749512,11.0,35.0,bigru
2025-04-17 01:37:29,20.6,5,10.0,0.0,10.0,0.0,bigru
2025-04-17 01:37:29,10.9,4,54.4,0.0,10.0,0.0,bigru
2025-04-17 01:37:29,5.545454545454546,5,55.4,0.0,11.0,0.0,bigru
2025-04-17 01:37:29,3.0,3,51.36363636363637,0.0,11.0,0.0,bigru
2025-04-17 01:37:29,1.4545454545454546,2,52.36363636363637,11.785771369934082,11.0,34.0,bigru
2025-04-17 01:37:29,1.2727272727272727,1,53.36363636363637,0.0,11.0,0.0,bigru
2025-04-17 01:37:29,1.3636363636363635,1,54.36363636363637,0.0,11.0,0.0,bigru
2025-04-17 01:37:29,1.4545454545454546,1,55.36363636363637,0.0,11.0,0.0,bigru
2025-04-17 01:37:29,1.5454545454545454,1,56.36363636363637,0.0,11.0,0.0,bigru
2025-04-17 01:37:29,1.6363636363636365,1,57.36363636363637,11.606314659118652,11.0,34.0,bigru
2025-04-17 01:37:29,1.7272727272727273,1,58.36363636363637,0.0,11.0,0.0,bigru
2025-04-17 01:37:30,1.75,3,59.36363636363637,0.0,12.0,0.0,bigru
2025-04-17 01:37:30,1.9166666666666667,2,55.416666666666664,0.0,12.0,0.0,bigru
2025-04-17 01:37:30,2.0833333333333335,2,56.416666666666664,0.0,12.0,0.0,bigru
2025-04-17 01:37:30,2.25,3,16.0,12.35076904296875,12.0,34.0,bigru
2025-04-17 01:37:30,2.5,3,57.083333333333336,0.0,12.0,0.0,bigru
2025-04-17 01:37:30,2.75,3,58.083333333333336,0.0,12.0,0.0,bigru
2025-04-17 01:37:30,3.0,3,59.083333333333336,0.0,12.0,0.0,bigru
2025-04-17 01:37:30,1.0,2,60.083333333333336,0.0,12.0,0.0,bigru
2025-04-17 01:37:30,1.2727272727272727,2,133.0,12.306924819946289,11.0,34.0,bigru
2025-04-17 01:37:30,1.4545454545454546,2,55.54545454545455,0.0,11.0,0.0,bigru
2025-04-17 01:37:30,1.6363636363636365,2,56.54545454545455,0.0,11.0,0.0,bigru
2025-04-17 01:37:30,1.8181818181818181,2,57.54545454545455,0.0,11.0,0.0,bigru
2025-04-17 01:37:30,2.0,2,58.54545454545455,0.0,11.0,0.0,bigru
2025-04-17 01:37:30,2.1818181818181817,2,59.54545454545455,12.047994613647461,11.0,33.0,bigru
2025-04-17 01:37:30,2.3636363636363638,2,60.54545454545455,0.0,11.0,0.0,bigru
2025-04-17 01:37:30,2.5454545454545454,2,61.54545454545455,0.0,11.0,0.0,bigru
2025-04-17 01:37:30,2.8181818181818183,3,62.54545454545455,0.0,11.0,0.0,bigru
2025-04-17 01:37:30,3.7777777777777777,3,91.5,0.0,9.0,0.0,bigru
2025-04-17 01:37:30,4.111111111111111,3,58.333333333333336,10.936483383178711,9.0,33.0,bigru
2025-04-17 01:37:30,4.0,4,59.333333333333336,0.0,10.0,0.0,bigru
2025-04-17 01:37:30,4.3,3,54.4,0.0,10.0,0.0,bigru
2025-04-17 01:37:30,5.875,4,72.5,0.0,8.0,0.0,bigru
2025-04-17 01:37:30,5.666666666666667,5,52.125,0.0,9.0,0.0,bigru
2025-04-17 01:37:30,5.5,5,47.333333333333336,10.713884353637695,10.0,34.0,bigru
2025-04-17 01:37:30,5.9,4,43.6,0.0,10.0,0.0,bigru
2025-04-17 01:37:30,6.3,4,44.6,0.0,10.0,0.0,bigru
2025-04-17 01:37:30,6.7,4,45.6,0.0,10.0,0.0,bigru
2025-04-17 01:37:30,7.1,4,46.6,0.0,10.0,0.0,bigru
2025-04-17 01:37:30,9.375,4,43.0,10.218717575073242,8.0,34.0,bigru
2025-04-17 01:37:30,9.875,4,49.75,0.0,8.0,0.0,bigru
2025-04-17 01:37:30,10.375,4,50.75,0.0,8.0,0.0,bigru
2025-04-17 01:37:30,10.875,4,51.75,0.0,8.0,0.0,bigru
2025-04-17 01:37:30,10.11111111111111,5,52.75,0.0,9.0,0.0,bigru
2025-04-17 01:37:30,9.5,5,47.888888888888886,10.317720413208008,10.0,35.0,bigru
2025-04-17 01:37:31,9.9,4,44.1,0.0,10.0,0.0,bigru
2025-04-17 01:37:31,9.363636363636363,5,45.1,0.0,11.0,0.0,bigru
2025-04-17 01:37:31,9.727272727272727,4,42.0,0.0,11.0,0.0,bigru
2025-04-17 01:37:31,10.090909090909092,4,43.0,0.0,11.0,0.0,bigru
2025-04-17 01:37:31,11.5,4,19.0,10.69157600402832,10.0,35.0,bigru
2025-04-17 01:37:31,10.909090909090908,6,47.5,0.0,11.0,0.0,bigru
2025-04-17 01:37:31,10.416666666666666,6,44.18181818181818,0.0,12.0,0.0,bigru
2025-04-17 01:37:31,10.0,6,41.5,0.0,13.0,0.0,bigru
2025-04-17 01:37:31,11.25,5,3.0,0.0,12.0,0.0,bigru
2025-04-17 01:37:31,11.666666666666666,5,43.333333333333336,12.30687141418457,12.0,35.0,bigru
2025-04-17 01:37:31,12.083333333333334,5,44.333333333333336,0.0,12.0,0.0,bigru
2025-04-17 01:37:31,8.666666666666666,4,45.333333333333336,0.0,12.0,0.0,bigru
2025-04-17 01:37:31,5.416666666666667,3,46.333333333333336,0.0,12.0,0.0,bigru
2025-04-17 01:37:31,3.4166666666666665,2,47.333333333333336,0.0,12.0,0.0,bigru
2025-04-17 01:37:31,2.5384615384615383,2,48.333333333333336,12.893837928771973,13.0,34.0,bigru
2025-04-17 01:37:31,2.4285714285714284,2,45.61538461538461,0.0,14.0,0.0,bigru
2025-04-17 01:37:31,2.5,1,43.357142857142854,0.0,14.0,0.0,bigru
2025-04-17 01:37:31,2.4,2,44.357142857142854,0.0,15.0,0.0,bigru
2025-04-17 01:37:31,2.466666666666667,1,42.4,0.0,15.0,0.0,bigru
2025-04-17 01:37:31,2.533333333333333,1,43.4,14.419975280761719,15.0,34.0,bigru
2025-04-17 01:37:31,2.4375,2,44.4,0.0,16.0,0.0,bigru
2025-04-17 01:37:31,2.5,1,42.625,0.0,16.0,0.0,bigru
2025-04-17 01:37:31,2.8,2,72.0,0.0,15.0,0.0,bigru
2025-04-17 01:37:31,2.933333333333333,2,42.733333333333334,0.0,15.0,0.0,bigru
2025-04-17 01:37:31,3.066666666666667,2,43.733333333333334,15.25886344909668,15.0,33.0,bigru
2025-04-17 01:37:31,3.2,2,44.733333333333334,0.0,15.0,0.0,bigru
2025-04-17 01:37:31,3.3333333333333335,2,45.733333333333334,0.0,15.0,0.0,bigru
2025-04-17 01:37:31,3.7142857142857144,2,98.0,0.0,14.0,0.0,bigru
2025-04-17 01:37:31,3.857142857142857,2,44.07142857142857,0.0,14.0,0.0,bigru
2025-04-17 01:37:32,4.3076923076923075,2,122.0,14.737340927124023,13.0,32.0,bigru
2025-04-17 01:37:32,3.8666666666666667,4,40.15384615384615,0.0,15.0,0.0,bigru
2025-04-17 01:37:32,3.8125,4,35.8,0.0,16.0,0.0,bigru
2025-04-17 01:37:32,4.0,3,34.5625,0.0,16.0,0.0,bigru
2025-04-17 01:37:32,3.9411764705882355,4,35.5625,0.0,17.0,0.0,bigru
2025-04-17 01:37:32,4.117647058823529,3,34.470588235294116,16.195024490356445,17.0,34.0,bigru
2025-04-17 01:37:32,4.294117647058823,3,35.470588235294116,0.0,17.0,0.0,bigru
2025-04-17 01:37:32,4.470588235294118,3,36.470588235294116,0.0,17.0,0.0,bigru
2025-04-17 01:37:32,4.9375,3,153.0,0.0,16.0,0.0,bigru
2025-04-17 01:37:32,5.125,3,31.25,0.0,16.0,0.0,bigru
2025-04-17 01:37:32,5.0,4,32.25,16.560192108154297,17.0,33.0,bigru
2025-04-17 01:37:32,4.888888888888889,4,31.352941176470587,0.0,18.0,0.0,bigru
2025-04-17 01:37:32,5.166666666666667,5,30.61111111111111,0.0,18.0,0.0,bigru
2025-04-17 01:37:32,5.333333333333333,4,31.61111111111111,0.0,18.0,0.0,bigru
2025-04-17 01:37:32,5.2631578947368425,5,32.611111111111114,0.0,19.0,0.0,bigru
2025-04-17 01:37:32,5.473684210526316,4,31.894736842105264,18.044452667236328,19.0,33.0,bigru
2025-04-17 01:37:32,5.684210526315789,4,32.89473684210526,0.0,19.0,0.0,bigru
2025-04-17 01:37:32,6.0,6,33.89473684210526,0.0,19.0,0.0,bigru
2025-04-17 01:37:32,6.315789473684211,6,34.89473684210526,0.0,19.0,0.0,bigru
2025-04-17 01:37:32,6.684210526315789,7,35.89473684210526,0.0,19.0,0.0,bigru
2025-04-17 01:37:32,3.526315789473684,7,36.89473684210526,18.656925201416016,19.0,33.0,bigru
2025-04-17 01:37:32,3.6315789473684212,6,37.89473684210526,0.0,19.0,0.0,bigru
2025-04-17 01:37:32,3.9473684210526314,6,38.89473684210526,0.0,19.0,0.0,bigru
2025-04-17 01:37:32,4.05,7,39.89473684210526,0.0,20.0,0.0,bigru
2025-04-17 01:37:32,4.35,6,38.9,0.0,20.0,0.0,bigru
2025-04-17 01:37:32,4.428571428571429,7,39.9,19.621402740478516,21.0,33.0,bigru
2025-04-17 01:37:33,4.761904761904762,7,39.0,0.0,21.0,0.0,bigru
2025-04-17 01:37:33,5.631578947368421,7,53.0,0.0,19.0,0.0,bigru
2025-04-17 01:37:33,6.0,7,39.63157894736842,0.0,19.0,0.0,bigru
2025-04-17 01:37:33,6.05,8,40.63157894736842,0.0,20.0,0.0,bigru
2025-04-17 01:37:33,6.4,7,39.6,19.50510025024414,20.0,32.0,bigru
2025-04-17 01:37:33,6.8,8,40.6,0.0,20.0,0.0,bigru
2025-04-17 01:37:33,7.578947368421052,8,31.0,0.0,19.0,0.0,bigru
2025-04-17 01:37:33,8.0,8,43.1578947368421,0.0,19.0,0.0,bigru
2025-04-17 01:37:33,8.944444444444445,9,111.0,0.0,18.0,0.0,bigru
2025-04-17 01:37:33,9.444444444444445,9,41.44444444444444,18.758779525756836,18.0,32.0,bigru
2025-04-17 01:37:33,9.352941176470589,8,50.0,0.0,17.0,0.0,bigru
2025-04-17 01:37:33,9.882352941176471,9,43.0,0.0,17.0,0.0,bigru
2025-04-17 01:37:33,9.833333333333334,10,44.0,0.0,18.0,0.0,bigru
2025-04-17 01:37:33,10.333333333333334,9,42.55555555555556,0.0,18.0,0.0,bigru
2025-04-17 01:37:33,12.1875,9,49.0,17.841816902160645,16.0,32.0,bigru
2025-04-17 01:37:42,13.6,9,39.0,0.0,15.0,0.0,bigru
2025-04-17 01:37:42,14.2,9,45.2,0.0,15.0,0.0,bigru
2025-04-17 01:37:42,13.9375,11,46.2,0.0,16.0,0.0,bigru
2025-04-17 01:37:42,14.5625,10,44.3125,0.0,16.0,0.0,bigru
2025-04-17 01:37:42,15.1875,10,45.3125,16.54914128780365,16.0,32.0,bigru
2025-04-17 01:37:43,15.875,11,46.3125,0.0,16.0,0.0,bigru
2025-04-17 01:37:43,16.5625,11,47.3125,0.0,16.0,0.0,bigru
2025-04-17 01:37:43,16.235294117647058,12,48.3125,0.0,17.0,0.0,bigru
2025-04-17 01:37:43,17.9375,11,35.0,0.0,16.0,0.0,bigru
2025-04-17 01:37:43,18.625,11,48.1875,16.106921553611755,16.0,33.0,bigru
2025-04-17 01:37:43,19.375,12,49.1875,0.0,16.0,0.0,bigru
2025-04-17 01:37:43,16.375,11,50.1875,0.0,16.0,0.0,bigru
2025-04-17 01:37:43,13.0,11,51.1875,0.0,17.0,0.0,bigru
2025-04-17 01:37:43,11.470588235294118,9,49.1764705882353,0.0,17.0,0.0,bigru
2025-04-17 01:37:43,10.235294117647058,8,50.1764705882353,16.76685529947281,17.0,33.0,bigru
2025-04-17 01:37:43,10.705882352941176,8,51.1764705882353,0.0,17.0,0.0,bigru
2025-04-17 01:37:43,11.176470588235293,8,52.1764705882353,0.0,17.0,0.0,bigru
2025-04-17 01:37:43,11.647058823529411,8,53.1764705882353,0.0,17.0,0.0,bigru
2025-04-17 01:37:43,12.117647058823529,8,54.1764705882353,0.0,17.0,0.0,bigru
2025-04-17 01:37:43,12.588235294117647,8,55.1764705882353,16.957998275756836,17.0,33.0,bigru
2025-04-17 01:37:43,12.333333333333334,9,56.1764705882353,0.0,18.0,0.0,bigru
2025-04-17 01:37:43,12.777777777777779,8,54.05555555555556,0.0,18.0,0.0,bigru
2025-04-17 01:37:43,13.222222222222221,8,55.05555555555556,0.0,18.0,0.0,bigru
2025-04-17 01:37:43,13.666666666666666,8,56.05555555555556,0.0,18.0,0.0,bigru
2025-04-17 01:37:43,14.11111111111111,8,57.05555555555556,17.73347246646881,18.0,33.0,bigru
2025-04-17 01:37:43,14.555555555555555,8,58.05555555555556,0.0,18.0,0.0,bigru
2025-04-17 01:37:43,15.0,8,59.05555555555556,0.0,18.0,0.0,bigru
2025-04-17 01:37:43,15.444444444444445,8,60.05555555555556,0.0,18.0,0.0,bigru
2025-04-17 01:37:43,15.88888888888889,8,61.05555555555556,0.0,18.0,0.0,bigru
2025-04-17 01:37:43,16.333333333333332,8,62.05555555555556,18.086269676685333,18.0,33.0,bigru
2025-04-17 01:37:44,15.894736842105264,9,63.05555555555556,0.0,19.0,0.0,bigru
2025-04-17 01:37:44,15.5,9,60.73684210526316,0.0,20.0,0.0,bigru
2025-04-17 01:37:44,15.9,8,58.7,0.0,20.0,0.0,bigru
2025-04-17 01:37:44,17.157894736842106,8,89.0,0.0,19.0,0.0,bigru
2025-04-17 01:37:44,16.75,10,59.1578947368421,19.042773127555847,20.0,33.0,bigru
2025-04-17 01:37:44,18.105263157894736,9,99.0,0.0,19.0,0.0,bigru
2025-04-17 01:37:44,19.61111111111111,9,48.0,0.0,18.0,0.0,bigru
2025-04-17 01:37:44,20.11111111111111,9,57.44444444444444,0.0,18.0,0.0,bigru
2025-04-17 01:37:44,20.61111111111111,9,58.44444444444444,0.0,18.0,0.0,bigru
2025-04-17 01:37:44,21.11111111111111,9,59.44444444444444,18.65256267786026,18.0,32.0,bigru
2025-04-17 01:37:44,21.61111111111111,9,60.44444444444444,0.0,18.0,0.0,bigru
2025-04-17 01:37:44,22.11111111111111,9,61.44444444444444,0.0,18.0,0.0,bigru
2025-04-17 01:37:44,22.61111111111111,9,62.44444444444444,0.0,18.0,0.0,bigru
2025-04-17 01:37:44,24.470588235294116,9,114.0,0.0,17.0,0.0,bigru
2025-04-17 01:37:44,25.0,10,32.0,17.792707800865173,17.0,32.0,bigru
2025-04-17 01:37:44,24.11111111111111,10,60.588235294117645,0.0,18.0,0.0,bigru
2025-04-17 01:37:44,23.31578947368421,10,58.22222222222222,0.0,19.0,0.0,bigru
2025-04-17 01:37:44,23.789473684210527,9,56.1578947368421,0.0,19.0,0.0,bigru
2025-04-17 01:37:44,24.263157894736842,9,57.1578947368421,0.0,19.0,0.0,bigru
2025-04-17 01:37:44,20.57894736842105,8,58.1578947368421,18.522830486297607,19.0,33.0,bigru
2025-04-17 01:37:44,16.35,8,59.1578947368421,0.0,20.0,0.0,bigru
2025-04-17 01:37:44,14.2,6,57.2,0.0,20.0,0.0,bigru
2025-04-17 01:37:44,11.761904761904763,6,58.2,0.0,21.0,0.0,bigru
2025-04-17 01:37:44,11.047619047619047,4,56.42857142857143,0.0,21.0,0.0,bigru
2025-04-17 01:37:44,11.238095238095237,4,57.42857142857143,19.948729276657104,21.0,33.0,bigru
2025-04-17 01:37:45,11.428571428571429,4,58.42857142857143,0.0,21.0,0.0,bigru
2025-04-17 01:37:45,11.090909090909092,5,59.42857142857143,0.0,22.0,0.0,bigru
2025-04-17 01:37:45,11.318181818181818,6,55.0,0.0,22.0,0.0,bigru
2025-04-17 01:37:45,12.0,4,61.0,0.0,21.0,0.0,bigru
2025-04-17 01:37:45,12.19047619047619,4,57.0,20.770508766174316,21.0,33.0,bigru
2025-04-17 01:37:45,12.428571428571429,5,58.0,0.0,21.0,0.0,bigru
2025-04-17 01:37:45,12.666666666666666,5,59.0,0.0,21.0,0.0,bigru
2025-04-17 01:37:45,12.904761904761905,5,60.0,0.0,21.0,0.0,bigru
2025-04-17 01:37:45,13.19047619047619,6,61.0,0.0,21.0,0.0,bigru
2025-04-17 01:37:45,13.476190476190476,6,62.0,20.95266956090927,21.0,32.0,bigru
2025-04-17 01:37:45,13.761904761904763,6,63.0,0.0,21.0,0.0,bigru
2025-04-17 01:37:45,14.047619047619047,6,64.0,0.0,21.0,0.0,bigru
2025-04-17 01:37:45,15.05,6,17.0,0.0,20.0,0.0,bigru
2025-04-17 01:37:45,11.4,5,68.4,0.0,20.0,0.0,bigru
2025-04-17 01:37:45,8.210526315789474,4,132.0,20.078361332416534,19.0,32.0,bigru
2025-04-17 01:37:45,4.473684210526316,3,67.10526315789474,0.0,19.0,0.0,bigru
2025-04-17 01:37:45,4.157894736842105,2,68.10526315789474,0.0,19.0,0.0,bigru
2025-04-17 01:37:45,4.2631578947368425,2,69.10526315789474,0.0,19.0,0.0,bigru
2025-04-17 01:37:45,4.611111111111111,2,66.0,0.0,18.0,0.0,bigru
2025-04-17 01:37:45,4.578947368421052,5,71.33333333333333,19.328053772449493,19.0,32.0,bigru
2025-04-17 01:37:45,5.055555555555555,4,93.0,0.0,18.0,0.0,bigru
2025-04-17 01:37:45,5.0,5,68.22222222222223,0.0,19.0,0.0,bigru
2025-04-17 01:37:45,5.2105263157894735,4,65.63157894736842,0.0,19.0,0.0,bigru
2025-04-17 01:37:45,5.421052631578948,4,66.63157894736842,0.0,19.0,0.0,bigru
2025-04-17 01:37:45,5.684210526315789,5,67.63157894736842,18.914316415786743,19.0,33.0,bigru
2025-04-17 01:37:45,6.277777777777778,5,152.0,0.0,18.0,0.0,bigru
2025-04-17 01:37:45,6.555555555555555,5,65.0,0.0,18.0,0.0,bigru
2025-04-17 01:37:45,6.833333333333333,5,66.0,0.0,18.0,0.0,bigru
2025-04-17 01:37:45,7.111111111111111,6,63.0,0.0,18.0,0.0,bigru
2025-04-17 01:37:45,7.388888888888889,6,188.0,18.325345158576965,18.0,32.0,bigru
2025-04-17 01:37:46,7.666666666666667,5,55.05555555555556,0.0,18.0,0.0,bigru
2025-04-17 01:37:46,7.944444444444445,5,56.05555555555556,0.0,18.0,0.0,bigru
2025-04-17 01:37:46,3.611111111111111,4,57.05555555555556,0.0,18.0,0.0,bigru
2025-04-17 01:37:46,3.888888888888889,5,58.05555555555556,0.0,18.0,0.0,bigru
2025-04-17 01:37:46,3.9473684210526314,6,59.05555555555556,18.33646273612976,19.0,33.0,bigru
2025-04-17 01:37:46,4.2631578947368425,7,120.0,0.0,19.0,0.0,bigru
2025-04-17 01:37:46,4.578947368421052,6,51.63157894736842,0.0,19.0,0.0,bigru
2025-04-17 01:37:46,5.166666666666667,7,86.0,0.0,18.0,0.0,bigru
2025-04-17 01:37:46,5.5,6,47.0,0.0,18.0,0.0,bigru
2025-04-17 01:37:46,5.833333333333333,6,48.0,18.217725455760956,18.0,32.0,bigru
2025-04-17 01:37:46,5.842105263157895,7,49.0,0.0,19.0,0.0,bigru
2025-04-17 01:37:46,6.157894736842105,6,47.421052631578945,0.0,19.0,0.0,bigru
2025-04-17 01:37:46,6.473684210526316,6,48.421052631578945,0.0,19.0,0.0,bigru
2025-04-17 01:37:46,6.842105263157895,7,49.421052631578945,0.0,19.0,0.0,bigru
2025-04-17 01:37:46,7.2105263157894735,8,23.0,18.84849089384079,19.0,33.0,bigru
2025-04-17 01:37:46,8.0,7,150.0,0.0,18.0,0.0,bigru
2025-04-17 01:37:46,8.882352941176471,7,57.0,0.0,17.0,0.0,bigru
2025-04-17 01:37:46,9.294117647058824,7,46.0,0.0,17.0,0.0,bigru
2025-04-17 01:37:46,6.722222222222222,7,47.0,0.0,18.0,0.0,bigru
2025-04-17 01:37:46,7.055555555555555,6,45.388888888888886,18.288646638393402,18.0,33.0,bigru
2025-04-17 01:37:46,7.388888888888889,6,46.388888888888886,0.0,18.0,0.0,bigru
2025-04-17 01:37:46,7.722222222222222,6,47.388888888888886,0.0,18.0,0.0,bigru
2025-04-17 01:37:46,8.11111111111111,7,48.388888888888886,0.0,18.0,0.0,bigru
2025-04-17 01:37:46,8.5,7,49.388888888888886,0.0,18.0,0.0,bigru
2025-04-17 01:37:46,8.421052631578947,8,50.388888888888886,18.183079719543457,19.0,33.0,bigru
2025-04-17 01:37:46,9.882352941176471,8,14.0,0.0,17.0,0.0,bigru
2025-04-17 01:37:46,10.352941176470589,8,53.8235294117647,0.0,17.0,0.0,bigru
2025-04-17 01:37:46,11.5,8,149.0,0.0,16.0,0.0,bigru
2025-04-17 01:37:47,12.0,8,49.9375,0.0,16.0,0.0,bigru
2025-04-17 01:37:47,12.5,8,50.9375,17.059343218803406,16.0,32.0,bigru
2025-04-17 01:37:47,13.0,8,51.9375,0.0,16.0,0.0,bigru
2025-04-17 01:37:47,13.5,8,52.9375,0.0,16.0,0.0,bigru
2025-04-17 01:37:47,13.176470588235293,9,53.9375,0.0,17.0,0.0,bigru
2025-04-17 01:37:47,13.647058823529411,8,51.76470588235294,0.0,17.0,0.0,bigru
2025-04-17 01:37:47,10.777777777777779,8,52.76470588235294,17.146282374858856,18.0,33.0,bigru
2025-04-17 01:37:47,9.944444444444445,7,50.833333333333336,0.0,18.0,0.0,bigru
2025-04-17 01:37:47,10.333333333333334,7,51.833333333333336,0.0,18.0,0.0,bigru
2025-04-17 01:37:47,10.157894736842104,8,52.833333333333336,0.0,19.0,0.0,bigru
2025-04-17 01:37:47,10.0,8,51.05263157894737,0.0,20.0,0.0,bigru
2025-04-17 01:37:47,10.35,7,49.5,18.45000547170639,20.0,33.0,bigru
2025-04-17 01:37:47,10.7,7,50.5,0.0,20.0,0.0,bigru
2025-04-17 01:37:47,10.523809523809524,8,51.5,0.0,21.0,0.0,bigru
2025-04-17 01:37:47,11.4,7,44.0,0.0,20.0,0.0,bigru
2025-04-17 01:37:47,11.75,7,51.35,0.0,20.0,0.0,bigru
2025-04-17 01:37:47,12.736842105263158,7,95.0,19.270066380500793,19.0,33.0,bigru
2025-04-17 01:37:47,13.105263157894736,7,51.10526315789474,0.0,19.0,0.0,bigru
2025-04-17 01:37:47,14.277777777777779,8,147.0,0.0,18.0,0.0,bigru
2025-04-17 01:37:47,14.61111111111111,7,47.833333333333336,0.0,18.0,0.0,bigru
2025-04-17 01:37:47,15.0,7,48.833333333333336,0.0,18.0,0.0,bigru
2025-04-17 01:37:47,15.38888888888889,7,49.833333333333336,18.84071910381317,18.0,32.0,bigru
2025-04-17 01:37:47,14.947368421052632,8,50.833333333333336,0.0,19.0,0.0,bigru
2025-04-17 01:37:47,14.55,8,49.1578947368421,0.0,20.0,0.0,bigru
2025-04-17 01:37:47,14.9,7,47.7,0.0,20.0,0.0,bigru
2025-04-17 01:37:47,15.25,7,48.7,0.0,20.0,0.0,bigru
2025-04-17 01:37:47,16.42105263157895,7,47.0,19.37151575088501,19.0,33.0,bigru
2025-04-17 01:37:57,17.72222222222222,7,50.0,0.0,18.0,0.0,bigru
2025-04-17 01:37:57,16.88888888888889,6,51.888888888888886,0.0,18.0,0.0,bigru
2025-04-17 01:37:57,16.31578947368421,7,52.888888888888886,0.0,19.0,0.0,bigru
2025-04-17 01:37:57,16.63157894736842,6,51.10526315789474,0.0,19.0,0.0,bigru
2025-04-17 01:37:57,16.94736842105263,6,52.10526315789474,19.323840737342834,19.0,33.0,bigru
2025-04-17 01:37:57,17.263157894736842,6,53.10526315789474,0.0,19.0,0.0,bigru
2025-04-17 01:37:58,17.57894736842105,6,54.10526315789474,0.0,19.0,0.0,bigru
2025-04-17 01:37:58,18.88888888888889,6,28.0,0.0,18.0,0.0,bigru
2025-04-17 01:37:58,21.625,6,70.5,0.0,16.0,0.0,bigru
2025-04-17 01:37:58,22.0,6,57.0,17.545570731163025,16.0,32.0,bigru
2025-04-17 01:37:58,21.058823529411764,7,58.0,0.0,17.0,0.0,bigru
2025-04-17 01:37:58,21.470588235294116,7,55.588235294117645,0.0,17.0,0.0,bigru
2025-04-17 01:37:58,21.88235294117647,7,56.588235294117645,0.0,17.0,0.0,bigru
2025-04-17 01:37:58,21.055555555555557,8,57.588235294117645,0.0,18.0,0.0,bigru
2025-04-17 01:37:58,21.444444444444443,7,55.388888888888886,18.07609736919403,18.0,33.0,bigru
2025-04-17 01:37:58,21.833333333333332,7,56.388888888888886,0.0,18.0,0.0,bigru
2025-04-17 01:37:58,22.22222222222222,7,57.388888888888886,0.0,18.0,0.0,bigru
2025-04-17 01:37:58,22.61111111111111,7,58.388888888888886,0.0,18.0,0.0,bigru
2025-04-17 01:37:58,23.0,7,59.388888888888886,0.0,18.0,0.0,bigru
2025-04-17 01:37:58,23.38888888888889,8,42.0,18.089813590049744,18.0,33.0,bigru
2025-04-17 01:37:58,18.0,8,59.05555555555556,0.0,19.0,0.0,bigru
2025-04-17 01:37:58,14.777777777777779,6,66.0,0.0,18.0,0.0,bigru
2025-04-17 01:37:58,10.944444444444445,5,57.44444444444444,0.0,18.0,0.0,bigru
2025-04-17 01:37:58,7.111111111111111,4,58.44444444444444,0.0,18.0,0.0,bigru
2025-04-17 01:37:58,4.333333333333333,4,59.44444444444444,18.33467173576355,18.0,33.0,bigru
2025-04-17 01:37:58,3.7222222222222223,3,60.44444444444444,0.0,18.0,0.0,bigru
2025-04-17 01:37:58,3.888888888888889,3,61.44444444444444,0.0,18.0,0.0,bigru
2025-04-17 01:37:58,4.352941176470588,4,25.0,0.0,17.0,0.0,bigru
2025-04-17 01:37:58,4.0588235294117645,3,65.6470588235294,0.0,17.0,0.0,bigru
2025-04-17 01:37:58,4.0588235294117645,2,66.6470588235294,17.785255789756775,17.0,32.0,bigru
2025-04-17 01:37:58,4.176470588235294,2,67.6470588235294,0.0,17.0,0.0,bigru
2025-04-17 01:37:58,4.294117647058823,2,68.6470588235294,0.0,17.0,0.0,bigru
2025-04-17 01:37:58,4.166666666666667,3,69.6470588235294,0.0,18.0,0.0,bigru
2025-04-17 01:37:58,4.105263157894737,4,66.77777777777777,0.0,19.0,0.0,bigru
2025-04-17 01:37:58,4.2631578947368425,3,64.26315789473684,18.538681507110596,19.0,33.0,bigru
2025-04-17 01:37:59,4.473684210526316,4,65.26315789473684,0.0,19.0,0.0,bigru
2025-04-17 01:37:59,4.45,5,66.26315789473684,0.0,20.0,0.0,bigru
2025-04-17 01:37:59,4.894736842105263,4,120.0,0.0,19.0,0.0,bigru
2025-04-17 01:37:59,5.157894736842105,5,62.0,0.0,19.0,0.0,bigru
2025-04-17 01:37:59,5.2,7,63.0,19.271363735198975,20.0,33.0,bigru
2025-04-17 01:37:59,5.55,7,60.85,0.0,20.0,0.0,bigru
2025-04-17 01:37:59,5.9,7,61.85,0.0,20.0,0.0,bigru
2025-04-17 01:37:59,6.25,7,62.85,0.0,20.0,0.0,bigru
2025-04-17 01:37:59,6.65,8,63.85,0.0,20.0,0.0,bigru
2025-04-17 01:37:59,7.05,8,64.85,20.030051708221436,20.0,33.0,bigru
2025-04-17 01:37:59,7.095238095238095,9,65.85,0.0,21.0,0.0,bigru
2025-04-17 01:37:59,7.136363636363637,9,63.714285714285715,0.0,22.0,0.0,bigru
2025-04-17 01:37:59,7.173913043478261,9,61.81818181818182,0.0,23.0,0.0,bigru
2025-04-17 01:37:59,7.863636363636363,8,114.0,0.0,22.0,0.0,bigru
2025-04-17 01:37:59,8.227272727272727,8,58.68181818181818,21.490261435508728,22.0,33.0,bigru
2025-04-17 01:37:59,8.590909090909092,8,59.68181818181818,0.0,22.0,0.0,bigru
2025-04-17 01:37:59,9.428571428571429,9,31.0,0.0,21.0,0.0,bigru
2025-04-17 01:37:59,10.35,9,136.0,0.0,20.0,0.0,bigru
2025-04-17 01:37:59,10.85,10,60.45,0.0,20.0,0.0,bigru
2025-04-17 01:37:59,11.35,10,61.45,20.88515317440033,20.0,32.0,bigru
2025-04-17 01:37:59,11.85,10,62.45,0.0,20.0,0.0,bigru
2025-04-17 01:37:59,12.35,10,63.45,0.0,20.0,0.0,bigru
2025-04-17 01:37:59,12.85,10,64.45,0.0,20.0,0.0,bigru
2025-04-17 01:37:59,13.35,10,65.45,0.0,20.0,0.0,bigru
2025-04-17 01:37:59,13.9,11,66.45,20.438292860984802,20.0,32.0,bigru
2025-04-17 01:37:59,14.45,11,67.45,0.0,20.0,0.0,bigru
2025-04-17 01:37:59,15.0,11,68.45,0.0,20.0,0.0,bigru
2025-04-17 01:37:59,15.6,12,69.45,0.0,20.0,0.0,bigru
2025-04-17 01:37:59,16.2,12,70.45,0.0,20.0,0.0,bigru
2025-04-17 01:37:59,17.68421052631579,12,45.0,19.903652667999268,19.0,32.0,bigru
2025-04-17 01:38:00,18.31578947368421,12,73.84210526315789,0.0,19.0,0.0,bigru
2025-04-17 01:38:00,18.94736842105263,12,74.84210526315789,0.0,19.0,0.0,bigru
2025-04-17 01:38:00,19.63157894736842,13,75.84210526315789,0.0,19.0,0.0,bigru
2025-04-17 01:38:00,20.31578947368421,13,76.84210526315789,0.0,19.0,0.0,bigru
2025-04-17 01:38:00,21.0,13,77.84210526315789,19.506105184555054,19.0,33.0,bigru
2025-04-17 01:38:00,21.68421052631579,13,78.84210526315789,0.0,19.0,0.0,bigru
2025-04-17 01:38:00,21.25,14,79.84210526315789,0.0,20.0,0.0,bigru
2025-04-17 01:38:00,20.857142857142858,14,76.85,0.0,21.0,0.0,bigru
2025-04-17 01:38:00,21.476190476190474,13,74.19047619047619,0.0,21.0,0.0,bigru
2025-04-17 01:38:00,22.095238095238095,13,75.19047619047619,20.39435636997223,21.0,33.0,bigru
2025-04-17 01:38:00,22.714285714285715,13,76.19047619047619,0.0,21.0,0.0,bigru
2025-04-17 01:38:00,23.333333333333332,13,77.19047619047619,0.0,21.0,0.0,bigru
2025-04-17 01:38:00,25.15,13,30.0,0.0,20.0,0.0,bigru
2025-04-17 01:38:00,25.8,13,81.6,0.0,20.0,0.0,bigru
2025-04-17 01:38:00,26.45,13,82.6,20.36125648021698,20.0,33.0,bigru
2025-04-17 01:38:00,27.1,13,83.6,0.0,20.0,0.0,bigru
2025-04-17 01:38:00,29.263157894736842,14,191.0,0.0,19.0,0.0,bigru
2025-04-17 01:38:00,30.0,14,80.0,0.0,19.0,0.0,bigru
2025-04-17 01:38:00,29.2,15,81.0,0.0,20.0,0.0,bigru
2025-04-17 01:38:00,28.523809523809526,16,77.95,20.478991746902466,21.0,33.0,bigru
2025-04-17 01:38:00,29.238095238095237,16,194.0,0.0,21.0,0.0,bigru
2025-04-17 01:38:00,30.0,16,67.0,0.0,21.0,0.0,bigru
2025-04-17 01:38:00,30.761904761904763,16,68.0,0.0,21.0,0.0,bigru
2025-04-17 01:38:00,31.523809523809526,16,69.0,0.0,21.0,0.0,bigru
2025-04-17 01:38:00,32.285714285714285,16,70.0,20.757423162460327,21.0,33.0,bigru
2025-04-17 01:38:01,33.04761904761905,16,71.0,0.0,21.0,0.0,bigru
2025-04-17 01:38:01,33.80952380952381,16,72.0,0.0,21.0,0.0,bigru
2025-04-17 01:38:01,34.57142857142857,16,73.0,0.0,21.0,0.0,bigru
2025-04-17 01:38:01,35.333333333333336,16,74.0,0.0,21.0,0.0,bigru
2025-04-17 01:38:01,34.45454545454545,17,75.0,21.388461112976074,22.0,33.0,bigru
2025-04-17 01:38:01,28.08695652173913,17,72.5909090909091,0.0,23.0,0.0,bigru
2025-04-17 01:38:01,28.82608695652174,17,70.43478260869566,0.0,23.0,0.0,bigru
2025-04-17 01:38:01,29.565217391304348,17,71.43478260869566,0.0,23.0,0.0,bigru
2025-04-17 01:38:01,30.304347826086957,17,72.43478260869566,0.0,23.0,0.0,bigru
2025-04-17 01:38:01,29.75,18,73.43478260869566,22.653424501419067,24.0,33.0,bigru
2025-04-17 01:38:01,30.458333333333332,17,71.375,0.0,24.0,0.0,bigru
2025-04-17 01:38:01,31.166666666666668,17,72.375,0.0,24.0,0.0,bigru
2025-04-17 01:38:01,33.26086956521739,17,31.0,0.0,23.0,0.0,bigru
2025-04-17 01:38:01,34.0,17,76.21739130434783,0.0,23.0,0.0,bigru
2025-04-17 01:38:01,34.73913043478261,17,77.21739130434783,23.06815528869629,23.0,33.0,bigru
2025-04-17 01:38:01,35.47826086956522,17,78.21739130434783,0.0,23.0,0.0,bigru
2025-04-17 01:38:01,36.21739130434783,17,79.21739130434783,0.0,23.0,0.0,bigru
2025-04-17 01:38:01,35.416666666666664,18,80.21739130434783,0.0,24.0,0.0,bigru
2025-04-17 01:38:01,36.125,17,77.875,0.0,24.0,0.0,bigru
2025-04-17 01:38:01,35.36,18,78.875,23.83940291404724,25.0,33.0,bigru
2025-04-17 01:38:01,36.04,17,76.72,0.0,25.0,0.0,bigru
2025-04-17 01:38:01,33.56,17,17.0,0.0,25.0,0.0,bigru
2025-04-17 01:38:01,32.375,15,168.0,0.0,24.0,0.0,bigru
2025-04-17 01:38:01,29.833333333333332,14,75.29166666666667,0.0,24.0,0.0,bigru
2025-04-17 01:38:01,27.25,13,76.29166666666667,23.82329750061035,24.0,32.0,bigru
2025-04-17 01:38:01,24.625,12,77.29166666666667,0.0,24.0,0.0,bigru
2025-04-17 01:38:01,22.041666666666668,11,78.29166666666667,0.0,24.0,0.0,bigru
2025-04-17 01:38:01,23.47826086956522,11,22.0,0.0,23.0,0.0,bigru
2025-04-17 01:38:01,21.0,10,82.78260869565217,0.0,23.0,0.0,bigru
2025-04-17 01:38:01,18.52173913043478,9,83.78260869565217,23.452094078063965,23.0,32.0,bigru
2025-04-17 01:38:02,16.26086956521739,9,84.78260869565217,0.0,23.0,0.0,bigru
2025-04-17 01:38:02,14.043478260869565,8,85.78260869565217,0.0,23.0,0.0,bigru
2025-04-17 01:38:02,12.041666666666666,8,86.78260869565217,0.0,24.0,0.0,bigru
2025-04-17 01:38:02,11.652173913043478,7,137.0,0.0,23.0,0.0,bigru
2025-04-17 01:38:02,11.956521739130435,7,82.8695652173913,23.155057907104492,23.0,32.0,bigru
2025-04-17 01:38:02,12.26086956521739,7,83.8695652173913,0.0,23.0,0.0,bigru
2025-04-17 01:38:02,12.565217391304348,7,84.8695652173913,0.0,23.0,0.0,bigru
2025-04-17 01:38:02,8.391304347826088,7,85.8695652173913,0.0,23.0,0.0,bigru
2025-04-17 01:38:02,6.0,6,86.8695652173913,0.0,23.0,0.0,bigru
2025-04-17 01:38:02,4.304347826086956,6,87.8695652173913,22.975142002105713,23.0,32.0,bigru
2025-04-17 01:38:02,2.727272727272727,5,117.0,0.0,22.0,0.0,bigru
2025-04-17 01:38:02,1.3636363636363635,5,88.5909090909091,0.0,22.0,0.0,bigru
2025-04-17 01:38:02,1.565217391304348,7,89.5909090909091,0.0,23.0,0.0,bigru
2025-04-17 01:38:02,1.9130434782608696,8,86.69565217391305,0.0,23.0,0.0,bigru
2025-04-17 01:38:02,2.3636363636363638,8,229.0,22.55185890197754,22.0,32.0,bigru
2025-04-17 01:38:02,2.9047619047619047,9,28.0,0.0,21.0,0.0,bigru
2025-04-17 01:38:02,3.3333333333333335,9,85.85714285714286,0.0,21.0,0.0,bigru
2025-04-17 01:38:02,3.761904761904762,9,86.85714285714286,0.0,21.0,0.0,bigru
2025-04-17 01:38:02,4.190476190476191,9,87.85714285714286,0.0,21.0,0.0,bigru
2025-04-17 01:38:02,4.666666666666667,10,88.85714285714286,21.06955498456955,21.0,32.0,bigru
2025-04-17 01:38:13,4.909090909090909,11,89.85714285714286,0.0,22.0,0.0,bigru
2025-04-17 01:38:13,5.363636363636363,10,86.77272727272727,0.0,22.0,0.0,bigru
2025-04-17 01:38:13,6.45,11,171.0,0.0,20.0,0.0,bigru
2025-04-17 01:38:13,7.368421052631579,11,107.0,0.0,19.0,0.0,bigru
2025-04-17 01:38:13,7.55,12,80.05263157894737,19.974198937416077,20.0,32.0,bigru
2025-04-17 01:38:14,8.1,11,77.05,0.0,20.0,0.0,bigru
2025-04-17 01:38:14,8.238095238095237,12,78.05,0.0,21.0,0.0,bigru
2025-04-17 01:38:14,8.363636363636363,12,75.33333333333333,0.0,22.0,0.0,bigru
2025-04-17 01:38:14,8.863636363636363,11,72.9090909090909,0.0,22.0,0.0,bigru
2025-04-17 01:38:14,9.363636363636363,11,73.9090909090909,21.478061378002167,22.0,33.0,bigru
2025-04-17 01:38:14,9.863636363636363,11,74.9090909090909,0.0,22.0,0.0,bigru
2025-04-17 01:38:14,10.363636363636363,11,75.9090909090909,0.0,22.0,0.0,bigru
2025-04-17 01:38:14,11.380952380952381,11,107.0,0.0,21.0,0.0,bigru
2025-04-17 01:38:14,11.363636363636363,12,76.47619047619048,0.0,22.0,0.0,bigru
2025-04-17 01:38:14,11.347826086956522,12,74.0,21.8391552567482,23.0,33.0,bigru
2025-04-17 01:38:14,11.826086956521738,11,71.78260869565217,0.0,23.0,0.0,bigru
2025-04-17 01:38:14,12.304347826086957,11,72.78260869565217,0.0,23.0,0.0,bigru
2025-04-17 01:38:14,13.363636363636363,11,11.0,0.0,22.0,0.0,bigru
2025-04-17 01:38:14,14.523809523809524,11,59.0,0.0,21.0,0.0,bigru
2025-04-17 01:38:14,14.363636363636363,12,79.52380952380952,21.642200648784637,22.0,32.0,bigru
2025-04-17 01:38:14,14.863636363636363,11,76.9090909090909,0.0,22.0,0.0,bigru
2025-04-17 01:38:14,15.363636363636363,11,77.9090909090909,0.0,22.0,0.0,bigru
2025-04-17 01:38:14,15.173913043478262,12,78.9090909090909,0.0,23.0,0.0,bigru
2025-04-17 01:38:14,15.652173913043478,11,76.47826086956522,0.0,23.0,0.0,bigru
2025-04-17 01:38:14,16.130434782608695,11,77.47826086956522,22.589044272899628,23.0,33.0,bigru
2025-04-17 01:38:14,16.652173913043477,12,78.47826086956522,0.0,23.0,0.0,bigru
2025-04-17 01:38:14,17.17391304347826,12,79.47826086956522,0.0,23.0,0.0,bigru
2025-04-17 01:38:14,17.695652173913043,12,80.47826086956522,0.0,23.0,0.0,bigru
2025-04-17 01:38:14,17.458333333333332,13,81.47826086956522,0.0,24.0,0.0,bigru
2025-04-17 01:38:14,15.875,11,79.08333333333333,23.24587255716324,24.0,33.0,bigru
2025-04-17 01:38:14,14.956521739130435,11,123.5,0.0,23.0,0.0,bigru
2025-04-17 01:38:14,14.045454545454545,9,27.0,0.0,22.0,0.0,bigru
2025-04-17 01:38:15,12.5,10,88.0,0.0,22.0,0.0,bigru
2025-04-17 01:38:15,11.0,9,73.95454545454545,0.0,22.0,0.0,bigru
2025-04-17 01:38:15,9.08695652173913,9,74.95454545454545,22.43325263261795,23.0,32.0,bigru
2025-04-17 01:38:15,9.863636363636363,8,1.0,0.0,22.0,0.0,bigru
2025-04-17 01:38:15,10.227272727272727,8,76.95454545454545,0.0,22.0,0.0,bigru
2025-04-17 01:38:15,8.5,7,77.95454545454545,0.0,22.0,0.0,bigru
2025-04-17 01:38:15,6.7272727272727275,6,78.95454545454545,0.0,22.0,0.0,bigru
2025-04-17 01:38:15,4.954545454545454,5,79.95454545454545,21.887999773025513,22.0,32.0,bigru
2025-04-17 01:38:15,3.272727272727273,4,80.95454545454545,0.0,22.0,0.0,bigru
2025-04-17 01:38:15,1.6363636363636365,3,81.95454545454545,0.0,22.0,0.0,bigru
2025-04-17 01:38:15,1.2727272727272727,2,82.95454545454545,0.0,22.0,0.0,bigru
2025-04-17 01:38:15,0.8636363636363636,2,144.0,0.0,22.0,0.0,bigru
2025-04-17 01:38:15,0.9090909090909091,1,78.4090909090909,21.797046065330505,22.0,32.0,bigru
2025-04-17 01:38:15,0.9545454545454546,1,79.4090909090909,0.0,22.0,0.0,bigru
2025-04-17 01:38:15,1.0909090909090908,4,101.0,0.0,22.0,0.0,bigru
2025-04-17 01:38:15,1.3181818181818181,5,76.81818181818181,0.0,22.0,0.0,bigru
2025-04-17 01:38:15,1.619047619047619,5,155.0,0.0,21.0,0.0,bigru
2025-04-17 01:38:15,1.6666666666666667,4,75.14285714285714,21.21899276971817,21.0,32.0,bigru
2025-04-17 01:38:15,1.95,4,144.0,0.0,20.0,0.0,bigru
2025-04-17 01:38:15,2.0476190476190474,5,73.75,0.0,21.0,0.0,bigru
2025-04-17 01:38:15,2.238095238095238,4,71.23809523809524,0.0,21.0,0.0,bigru
2025-04-17 01:38:15,2.3181818181818183,5,72.23809523809524,0.0,22.0,0.0,bigru
2025-04-17 01:38:15,2.5,4,69.95454545454545,21.502359211444855,22.0,33.0,bigru
2025-04-17 01:38:15,3.0,5,37.5,0.0,20.0,0.0,bigru
2025-04-17 01:38:15,3.25,6,3.0,0.0,20.0,0.0,bigru
2025-04-17 01:38:15,3.5,6,25.0,0.0,20.0,0.0,bigru
2025-04-17 01:38:15,3.9473684210526314,5,202.0,0.0,19.0,0.0,bigru
2025-04-17 01:38:15,4.2105263157894735,5,70.26315789473684,19.423632323741913,19.0,32.0,bigru
2025-04-17 01:38:16,4.526315789473684,6,71.26315789473684,0.0,19.0,0.0,bigru
2025-04-17 01:38:16,2.9473684210526314,6,72.26315789473684,0.0,19.0,0.0,bigru
2025-04-17 01:38:16,3.176470588235294,5,168.5,0.0,17.0,0.0,bigru
2025-04-17 01:38:16,3.4705882352941178,5,63.05882352941177,0.0,17.0,0.0,bigru
2025-04-17 01:38:16,3.764705882352941,5,64.05882352941177,17.603886127471924,17.0,31.0,bigru
2025-04-17 01:38:16,4.0588235294117645,6,195.0,0.0,17.0,0.0,bigru
2025-04-17 01:38:16,4.411764705882353,6,54.588235294117645,0.0,17.0,0.0,bigru
2025-04-17 01:38:16,4.764705882352941,6,55.588235294117645,0.0,17.0,0.0,bigru
2025-04-17 01:38:16,5.117647058823529,6,56.588235294117645,0.0,17.0,0.0,bigru
2025-04-17 01:38:16,5.470588235294118,7,23.0,17.090517282485962,17.0,32.0,bigru
2025-04-17 01:38:16,5.823529411764706,6,57.23529411764706,0.0,17.0,0.0,bigru
2025-04-17 01:38:16,6.176470588235294,6,58.23529411764706,0.0,17.0,0.0,bigru
2025-04-17 01:38:16,6.529411764705882,7,50.0,0.0,17.0,0.0,bigru
2025-04-17 01:38:16,6.9411764705882355,7,57.294117647058826,0.0,17.0,0.0,bigru
2025-04-17 01:38:16,6.944444444444445,8,58.294117647058826,17.190150916576385,18.0,33.0,bigru
2025-04-17 01:38:16,7.333333333333333,7,56.05555555555556,0.0,18.0,0.0,bigru
2025-04-17 01:38:16,7.722222222222222,7,57.05555555555556,0.0,18.0,0.0,bigru
2025-04-17 01:38:16,8.588235294117647,7,21.0,0.0,17.0,0.0,bigru
2025-04-17 01:38:16,9.058823529411764,8,61.23529411764706,0.0,17.0,0.0,bigru
2025-04-17 01:38:16,9.529411764705882,8,62.23529411764706,16.97005033493042,17.0,32.0,bigru
2025-04-17 01:38:16,10.0,8,63.23529411764706,0.0,17.0,0.0,bigru
2025-04-17 01:38:16,10.470588235294118,9,112.0,0.0,17.0,0.0,bigru
2025-04-17 01:38:16,10.941176470588236,8,58.64705882352941,0.0,17.0,0.0,bigru
2025-04-17 01:38:16,11.411764705882353,8,59.64705882352941,0.0,17.0,0.0,bigru
2025-04-17 01:38:16,12.625,8,33.0,16.631893813610077,16.0,32.0,bigru
2025-04-17 01:38:16,13.125,8,63.375,0.0,16.0,0.0,bigru
2025-04-17 01:38:16,14.533333333333333,8,72.0,0.0,15.0,0.0,bigru
2025-04-17 01:38:16,16.142857142857142,8,74.0,0.0,14.0,0.0,bigru
2025-04-17 01:38:16,16.714285714285715,8,65.21428571428571,0.0,14.0,0.0,bigru
2025-04-17 01:38:16,17.285714285714285,8,66.21428571428571,14.639915525913239,14.0,31.0,bigru
2025-04-17 01:38:17,17.857142857142858,8,67.21428571428571,0.0,14.0,0.0,bigru
2025-04-17 01:38:17,18.5,9,68.21428571428571,0.0,14.0,0.0,bigru
2025-04-17 01:38:17,17.933333333333334,11,69.21428571428571,0.0,15.0,0.0,bigru
2025-04-17 01:38:17,18.6,10,65.6,0.0,15.0,0.0,bigru
2025-04-17 01:38:17,19.333333333333332,11,66.6,14.778101444244385,15.0,32.0,bigru
2025-04-17 01:38:17,20.066666666666666,11,67.6,0.0,15.0,0.0,bigru
2025-04-17 01:38:17,16.3125,11,68.6,0.0,16.0,0.0,bigru
2025-04-17 01:38:17,13.75,9,65.3125,0.0,16.0,0.0,bigru
2025-04-17 01:38:17,11.9375,8,66.3125,0.0,16.0,0.0,bigru
2025-04-17 01:38:17,10.75,7,67.3125,15.510310232639313,16.0,33.0,bigru
2025-04-17 01:38:17,9.8125,7,68.3125,0.0,16.0,0.0,bigru
2025-04-17 01:38:17,9.0,7,69.3125,0.0,17.0,0.0,bigru
2025-04-17 01:38:17,8.722222222222221,7,66.23529411764706,0.0,18.0,0.0,bigru
2025-04-17 01:38:17,9.055555555555555,6,63.55555555555556,0.0,18.0,0.0,bigru
2025-04-17 01:38:17,9.38888888888889,6,64.55555555555556,17.223337292671204,18.0,34.0,bigru
2025-04-17 01:38:17,9.722222222222221,6,65.55555555555556,0.0,18.0,0.0,bigru
2025-04-17 01:38:17,10.11111111111111,7,66.55555555555556,0.0,18.0,0.0,bigru
2025-04-17 01:38:17,9.947368421052632,8,67.55555555555556,0.0,19.0,0.0,bigru
2025-04-17 01:38:17,10.368421052631579,8,65.0,0.0,19.0,0.0,bigru
2025-04-17 01:38:17,10.789473684210526,8,66.0,18.331506848335266,19.0,33.0,bigru
2025-04-17 01:38:17,11.210526315789474,8,67.0,0.0,19.0,0.0,bigru
2025-04-17 01:38:17,12.277777777777779,8,168.0,0.0,18.0,0.0,bigru
2025-04-17 01:38:17,12.052631578947368,9,63.44444444444444,0.0,19.0,0.0,bigru
2025-04-17 01:38:17,12.473684210526315,9,12.0,0.0,19.0,0.0,bigru
2025-04-17 01:38:17,12.894736842105264,8,61.473684210526315,18.638600409030914,19.0,33.0,bigru
2025-04-17 01:38:17,14.055555555555555,8,133.0,0.0,18.0,0.0,bigru
2025-04-17 01:38:17,14.5,8,59.55555555555556,0.0,18.0,0.0,bigru
2025-04-17 01:38:17,11.0,7,60.55555555555556,0.0,18.0,0.0,bigru
2025-04-17 01:38:17,7.684210526315789,7,61.55555555555556,0.0,19.0,0.0,bigru
2025-04-17 01:38:17,4.9,6,59.31578947368421,18.895505368709564,20.0,33.0,bigru
2025-04-17 01:38:18,3.8947368421052633,4,28.0,0.0,19.0,0.0,bigru
2025-04-17 01:38:18,3.9,5,59.89473684210526,0.0,20.0,0.0,bigru
2025-04-17 01:38:18,4.1,4,57.9,0.0,20.0,0.0,bigru
2025-04-17 01:38:18,4.095238095238095,5,58.9,0.0,21.0,0.0,bigru
2025-04-17 01:38:18,4.5,4,12.0,19.664262235164642,20.0,33.0,bigru
2025-04-17 01:38:18,4.7,5,125.0,0.0,20.0,0.0,bigru
2025-04-17 01:38:18,5.2105263157894735,6,132.0,0.0,19.0,0.0,bigru
2025-04-17 01:38:18,5.777777777777778,5,120.0,0.0,18.0,0.0,bigru
2025-04-17 01:38:18,5.7368421052631575,6,41.94444444444444,0.0,19.0,0.0,bigru
2025-04-17 01:38:18,6.333333333333333,5,101.0,18.547631800174713,18.0,32.0,bigru
2025-04-17 01:38:18,6.611111111111111,5,38.388888888888886,0.0,18.0,0.0,bigru
2025-04-17 01:38:18,7.294117647058823,5,24.0,0.0,17.0,0.0,bigru
2025-04-17 01:38:18,7.588235294117647,5,41.294117647058826,0.0,17.0,0.0,bigru
2025-04-17 01:38:18,8.375,5,103.0,0.0,16.0,0.0,bigru
2025-04-17 01:38:18,9.266666666666667,5,8.0,16.404989361763,15.0,31.0,bigru
2025-04-17 01:38:18,9.6,5,42.6,0.0,15.0,0.0,bigru
2025-04-17 01:38:18,10.642857142857142,5,55.0,0.0,14.0,0.0,bigru
2025-04-17 01:38:18,10.266666666666667,6,43.785714285714285,0.0,15.0,0.0,bigru
2025-04-17 01:38:18,11.357142857142858,5,13.0,0.0,14.0,0.0,bigru
2025-04-17 01:38:18,11.714285714285714,5,44.92857142857143,14.70835655927658,14.0,31.0,bigru
2025-04-17 01:38:29,12.071428571428571,5,45.92857142857143,0.0,14.0,0.0,bigru
2025-04-17 01:38:29,12.428571428571429,5,46.92857142857143,0.0,14.0,0.0,bigru
2025-04-17 01:38:29,11.933333333333334,6,47.92857142857143,0.0,15.0,0.0,bigru
2025-04-17 01:38:29,12.266666666666667,5,45.733333333333334,0.0,15.0,0.0,bigru
2025-04-17 01:38:29,12.6,5,46.733333333333334,14.852568507194519,15.0,33.0,bigru
2025-04-17 01:38:30,12.125,6,47.733333333333334,0.0,16.0,0.0,bigru
2025-04-17 01:38:30,12.4375,5,45.75,0.0,16.0,0.0,bigru
2025-04-17 01:38:30,12.75,5,46.75,0.0,16.0,0.0,bigru
2025-04-17 01:38:30,13.0625,5,47.75,0.0,16.0,0.0,bigru
2025-04-17 01:38:30,12.588235294117647,6,48.75,16.065320372581482,17.0,34.0,bigru
2025-04-17 01:38:30,12.941176470588236,6,46.88235294117647,0.0,17.0,0.0,bigru
2025-04-17 01:38:30,12.555555555555555,7,47.88235294117647,0.0,18.0,0.0,bigru
2025-04-17 01:38:30,12.88888888888889,6,46.22222222222222,0.0,18.0,0.0,bigru
2025-04-17 01:38:30,14.058823529411764,7,35.0,0.0,17.0,0.0,bigru
2025-04-17 01:38:30,14.470588235294118,7,48.94117647058823,16.80152267217636,17.0,33.0,bigru
2025-04-17 01:38:30,12.6875,6,90.0,0.0,16.0,0.0,bigru
2025-04-17 01:38:30,10.0625,6,48.4375,0.0,16.0,0.0,bigru
2025-04-17 01:38:30,7.9411764705882355,6,49.4375,0.0,17.0,0.0,bigru
2025-04-17 01:38:30,7.777777777777778,6,47.529411764705884,0.0,18.0,0.0,bigru
2025-04-17 01:38:30,8.055555555555555,5,45.888888888888886,17.61862486600876,18.0,33.0,bigru
2025-04-17 01:38:30,8.823529411764707,5,11.0,0.0,17.0,0.0,bigru
2025-04-17 01:38:30,9.117647058823529,5,50.0,0.0,17.0,0.0,bigru
2025-04-17 01:38:30,8.88888888888889,6,51.0,0.0,18.0,0.0,bigru
2025-04-17 01:38:30,9.166666666666666,5,49.166666666666664,0.0,18.0,0.0,bigru
2025-04-17 01:38:30,9.444444444444445,5,50.166666666666664,17.54187047481537,18.0,33.0,bigru
2025-04-17 01:38:30,9.722222222222221,5,51.166666666666664,0.0,18.0,0.0,bigru
2025-04-17 01:38:30,10.055555555555555,6,52.166666666666664,0.0,18.0,0.0,bigru
2025-04-17 01:38:30,10.38888888888889,6,53.166666666666664,0.0,18.0,0.0,bigru
2025-04-17 01:38:30,10.722222222222221,6,54.166666666666664,0.0,18.0,0.0,bigru
2025-04-17 01:38:30,11.055555555555555,6,55.166666666666664,17.73025542497635,18.0,32.0,bigru
2025-04-17 01:38:30,11.38888888888889,6,56.166666666666664,0.0,18.0,0.0,bigru
2025-04-17 01:38:30,11.722222222222221,6,57.166666666666664,0.0,18.0,0.0,bigru
2025-04-17 01:38:30,12.055555555555555,6,58.166666666666664,0.0,18.0,0.0,bigru
2025-04-17 01:38:30,11.736842105263158,7,59.166666666666664,0.0,19.0,0.0,bigru
2025-04-17 01:38:30,12.052631578947368,6,57.05263157894737,18.527036905288696,19.0,33.0,bigru
2025-04-17 01:38:31,12.421052631578947,7,58.05263157894737,0.0,19.0,0.0,bigru
2025-04-17 01:38:31,12.789473684210526,7,59.05263157894737,0.0,19.0,0.0,bigru
2025-04-17 01:38:31,13.157894736842104,8,19.0,0.0,19.0,0.0,bigru
2025-04-17 01:38:31,13.526315789473685,7,60.05263157894737,0.0,19.0,0.0,bigru
2025-04-17 01:38:31,14.666666666666666,7,66.0,18.190091848373413,18.0,32.0,bigru
2025-04-17 01:38:31,15.055555555555555,7,61.77777777777778,0.0,18.0,0.0,bigru
2025-04-17 01:38:31,15.444444444444445,7,62.77777777777778,0.0,18.0,0.0,bigru
2025-04-17 01:38:31,17.875,8,94.0,0.0,16.0,0.0,bigru
2025-04-17 01:38:31,18.375,8,61.0,0.0,16.0,0.0,bigru
2025-04-17 01:38:31,17.764705882352942,9,62.0,17.015109956264496,17.0,31.0,bigru
2025-04-17 01:38:31,18.235294117647058,8,59.35294117647059,0.0,17.0,0.0,bigru
2025-04-17 01:38:31,21.2,8,51.0,0.0,15.0,0.0,bigru
2025-04-17 01:38:31,21.733333333333334,8,62.6,0.0,15.0,0.0,bigru
2025-04-17 01:38:31,22.266666666666666,8,63.6,0.0,15.0,0.0,bigru
2025-04-17 01:38:31,22.8,8,64.6,15.443898737430573,15.0,31.0,bigru
2025-04-17 01:38:31,21.875,9,65.6,0.0,16.0,0.0,bigru
2025-04-17 01:38:31,22.4375,9,62.5,0.0,16.0,0.0,bigru
2025-04-17 01:38:31,23.0,9,63.5,0.0,16.0,0.0,bigru
2025-04-17 01:38:31,18.466666666666665,8,36.0,0.0,15.0,0.0,bigru
2025-04-17 01:38:31,12.8,7,67.4,15.223096311092377,15.0,32.0,bigru
2025-04-17 01:38:31,10.2,6,68.4,0.0,15.0,0.0,bigru
2025-04-17 01:38:31,9.9375,7,69.4,0.0,16.0,0.0,bigru
2025-04-17 01:38:31,11.785714285714286,6,76.5,0.0,14.0,0.0,bigru
2025-04-17 01:38:31,12.214285714285714,6,65.57142857142857,0.0,14.0,0.0,bigru
2025-04-17 01:38:31,13.615384615384615,6,127.0,13.970869779586792,13.0,31.0,bigru
2025-04-17 01:38:31,13.071428571428571,7,62.92307692307692,0.0,14.0,0.0,bigru
2025-04-17 01:38:31,13.5,6,59.42857142857143,0.0,14.0,0.0,bigru
2025-04-17 01:38:31,13.928571428571429,6,60.42857142857143,0.0,14.0,0.0,bigru
2025-04-17 01:38:31,13.4,7,61.42857142857143,0.0,15.0,0.0,bigru
2025-04-17 01:38:31,13.866666666666667,7,58.333333333333336,14.8334339261055,15.0,33.0,bigru
2025-04-17 01:38:32,14.333333333333334,7,59.333333333333336,0.0,15.0,0.0,bigru
2025-04-17 01:38:32,13.875,8,60.333333333333336,0.0,16.0,0.0,bigru
2025-04-17 01:38:32,13.470588235294118,8,57.5625,0.0,17.0,0.0,bigru
2025-04-17 01:38:32,13.941176470588236,8,55.1764705882353,0.0,17.0,0.0,bigru
2025-04-17 01:38:32,11.823529411764707,7,56.1764705882353,16.301903128623962,17.0,34.0,bigru
2025-04-17 01:38:32,11.823529411764707,6,57.1764705882353,0.0,17.0,0.0,bigru
2025-04-17 01:38:32,12.235294117647058,7,58.1764705882353,0.0,17.0,0.0,bigru
2025-04-17 01:38:32,12.647058823529411,7,59.1764705882353,0.0,17.0,0.0,bigru
2025-04-17 01:38:32,13.058823529411764,7,60.1764705882353,0.0,17.0,0.0,bigru
2025-04-17 01:38:32,13.470588235294118,7,61.1764705882353,16.69243723154068,17.0,33.0,bigru
2025-04-17 01:38:32,13.882352941176471,7,62.1764705882353,0.0,17.0,0.0,bigru
2025-04-17 01:38:32,14.294117647058824,7,63.1764705882353,0.0,17.0,0.0,bigru
2025-04-17 01:38:32,15.625,7,148.0,0.0,16.0,0.0,bigru
2025-04-17 01:38:32,16.0625,7,59.9375,0.0,16.0,0.0,bigru
2025-04-17 01:38:32,16.5,7,60.9375,16.153782606124878,16.0,32.0,bigru
2025-04-17 01:38:32,16.9375,7,61.9375,0.0,16.0,0.0,bigru
2025-04-17 01:38:32,18.533333333333335,7,31.0,0.0,15.0,0.0,bigru
2025-04-17 01:38:32,19.0,7,66.06666666666666,0.0,15.0,0.0,bigru
2025-04-17 01:38:32,19.466666666666665,7,67.06666666666666,0.0,15.0,0.0,bigru
2025-04-17 01:38:32,21.357142857142858,7,205.0,14.846538007259369,14.0,31.0,bigru
2025-04-17 01:38:32,16.642857142857142,6,59.285714285714285,0.0,14.0,0.0,bigru
2025-04-17 01:38:32,13.857142857142858,5,60.285714285714285,0.0,14.0,0.0,bigru
2025-04-17 01:38:32,11.571428571428571,4,61.285714285714285,0.0,14.0,0.0,bigru
2025-04-17 01:38:32,11.857142857142858,4,62.285714285714285,0.0,14.0,0.0,bigru
2025-04-17 01:38:32,11.333333333333334,5,63.285714285714285,14.718016982078552,15.0,32.0,bigru
2025-04-17 01:38:32,12.428571428571429,4,111.0,0.0,14.0,0.0,bigru
2025-04-17 01:38:32,12.714285714285714,4,57.42857142857143,0.0,14.0,0.0,bigru
2025-04-17 01:38:32,13.0,4,58.42857142857143,0.0,14.0,0.0,bigru
2025-04-17 01:38:32,12.4,5,59.42857142857143,0.0,15.0,0.0,bigru
2025-04-17 01:38:32,12.666666666666666,4,56.46666666666667,14.677134156227112,15.0,33.0,bigru
2025-04-17 01:38:33,12.933333333333334,4,57.46666666666667,0.0,15.0,0.0,bigru
2025-04-17 01:38:33,12.4375,6,58.46666666666667,0.0,16.0,0.0,bigru
2025-04-17 01:38:33,12.75,5,55.8125,0.0,16.0,0.0,bigru
2025-04-17 01:38:33,13.0625,5,56.8125,0.0,16.0,0.0,bigru
2025-04-17 01:38:33,12.588235294117647,6,57.8125,16.021572053432465,17.0,34.0,bigru
2025-04-17 01:38:33,12.166666666666666,6,55.411764705882355,0.0,18.0,0.0,bigru
2025-04-17 01:38:33,12.444444444444445,6,38.0,0.0,18.0,0.0,bigru
2025-04-17 01:38:33,12.722222222222221,5,52.22222222222222,0.0,18.0,0.0,bigru
2025-04-17 01:38:33,13.0,5,53.22222222222222,0.0,18.0,0.0,bigru
2025-04-17 01:38:33,8.333333333333334,4,54.22222222222222,17.403440177440643,18.0,33.0,bigru
2025-04-17 01:38:33,9.058823529411764,4,108.0,0.0,17.0,0.0,bigru
2025-04-17 01:38:33,8.777777777777779,5,53.11764705882353,0.0,18.0,0.0,bigru
2025-04-17 01:38:33,9.529411764705882,4,124.0,0.0,17.0,0.0,bigru
2025-04-17 01:38:33,9.823529411764707,5,47.88235294117647,0.0,17.0,0.0,bigru
2025-04-17 01:38:33,9.61111111111111,7,48.88235294117647,17.56899505853653,18.0,33.0,bigru
2025-04-17 01:38:33,10.0,7,47.166666666666664,0.0,18.0,0.0,bigru
2025-04-17 01:38:33,10.38888888888889,7,48.166666666666664,0.0,18.0,0.0,bigru
2025-04-17 01:38:33,10.0,7,49.166666666666664,0.0,19.0,0.0,bigru
2025-04-17 01:38:33,9.8,7,47.578947368421055,0.0,20.0,0.0,bigru
2025-04-17 01:38:33,10.1,6,46.2,19.142819941043854,20.0,34.0,bigru
2025-04-17 01:38:33,10.4,6,47.2,0.0,20.0,0.0,bigru
2025-04-17 01:38:33,11.88888888888889,6,79.0,0.0,18.0,0.0,bigru
2025-04-17 01:38:33,12.277777777777779,7,45.77777777777778,0.0,18.0,0.0,bigru
2025-04-17 01:38:33,12.666666666666666,7,46.77777777777778,0.0,18.0,0.0,bigru
2025-04-17 01:38:33,12.421052631578947,9,47.77777777777778,18.44070851802826,19.0,32.0,bigru
2025-04-17 01:38:34,12.2,9,46.26315789473684,0.0,20.0,0.0,bigru
2025-04-17 01:38:34,12.6,8,44.95,0.0,20.0,0.0,bigru
2025-04-17 01:38:34,13.05,9,45.95,0.0,20.0,0.0,bigru
2025-04-17 01:38:34,9.05,9,11.0,0.0,20.0,0.0,bigru
2025-04-17 01:38:34,6.6,7,47.4,19.551850855350494,20.0,33.0,bigru
2025-04-17 01:38:34,4.2,7,25.0,0.0,20.0,0.0,bigru
2025-04-17 01:38:34,2.95,5,48.15,0.0,20.0,0.0,bigru
2025-04-17 01:38:34,2.2,4,49.15,0.0,20.0,0.0,bigru
2025-04-17 01:38:34,1.894736842105263,3,29.0,0.0,19.0,0.0,bigru
2025-04-17 01:38:34,2.0526315789473686,4,118.0,19.106648862361908,19.0,32.0,bigru
2025-04-17 01:38:34,2.210526315789474,3,47.05263157894737,0.0,19.0,0.0,bigru
2025-04-17 01:38:34,1.7777777777777777,2,75.0,0.0,18.0,0.0,bigru
2025-04-17 01:38:34,1.2777777777777777,1,47.55555555555556,0.0,18.0,0.0,bigru
2025-04-17 01:38:34,1.263157894736842,2,48.55555555555556,0.0,19.0,0.0,bigru
2025-04-17 01:38:34,1.3157894736842106,1,47.0,18.886815011501312,19.0,32.0,bigru
2025-04-17 01:38:34,1.368421052631579,1,48.0,0.0,19.0,0.0,bigru
2025-04-17 01:38:34,1.5,1,131.0,0.0,18.0,0.0,bigru
2025-04-17 01:38:34,1.6470588235294117,1,17.0,0.0,17.0,0.0,bigru
2025-04-17 01:38:34,1.8125,1,101.0,0.0,16.0,0.0,bigru
2025-04-17 01:38:34,1.875,1,45.8125,16.71261042356491,16.0,31.0,bigru
2025-04-17 01:38:46,1.9375,1,46.8125,0.0,16.0,0.0,bigru
2025-04-17 01:38:46,2.0,1,47.8125,0.0,16.0,0.0,bigru
2025-04-17 01:38:46,2.0625,1,48.8125,0.0,16.0,0.0,bigru
2025-04-17 01:38:46,2.0,3,121.0,0.0,17.0,0.0,bigru
2025-04-17 01:38:46,2.25,2,43.0,16.851842403411865,16.0,32.0,bigru
2025-04-17 01:38:46,2.235294117647059,3,41.625,0.0,17.0,0.0,bigru
2025-04-17 01:38:46,2.625,4,50.0,0.0,16.0,0.0,bigru
2025-04-17 01:38:46,2.7058823529411766,5,40.5625,0.0,17.0,0.0,bigru
2025-04-17 01:38:46,3.125,4,115.0,0.0,16.0,0.0,bigru
2025-04-17 01:38:46,3.375,5,24.0,16.3703590631485,16.0,33.0,bigru
2025-04-17 01:38:46,3.6875,5,34.9375,0.0,16.0,0.0,bigru
2025-04-17 01:38:46,4.0,5,35.9375,0.0,16.0,0.0,bigru
2025-04-17 01:38:46,4.3125,5,36.9375,0.0,16.0,0.0,bigru
2025-04-17 01:38:46,4.625,5,37.9375,0.0,16.0,0.0,bigru
2025-04-17 01:38:46,5.266666666666667,5,11.0,15.853303670883179,15.0,32.0,bigru
2025-04-17 01:38:46,5.25,6,41.8,0.0,16.0,0.0,bigru
2025-04-17 01:38:46,5.5625,5,40.1875,0.0,16.0,0.0,bigru
2025-04-17 01:38:46,6.0,7,41.1875,0.0,16.0,0.0,bigru
2025-04-17 01:38:46,6.4375,7,42.1875,0.0,16.0,0.0,bigru
2025-04-17 01:38:46,7.333333333333333,7,53.0,15.755175054073334,15.0,32.0,bigru
2025-04-17 01:38:46,7.8,7,43.53333333333333,0.0,15.0,0.0,bigru
2025-04-17 01:38:46,8.266666666666667,7,44.53333333333333,0.0,15.0,0.0,bigru
2025-04-17 01:38:46,8.733333333333333,7,45.53333333333333,0.0,15.0,0.0,bigru
2025-04-17 01:38:46,9.2,7,46.53333333333333,0.0,15.0,0.0,bigru
2025-04-17 01:38:46,9.666666666666666,7,47.53333333333333,15.492264926433563,15.0,33.0,bigru
2025-04-17 01:38:46,10.133333333333333,7,48.53333333333333,0.0,15.0,0.0,bigru
2025-04-17 01:38:47,9.9375,8,49.53333333333333,0.0,16.0,0.0,bigru
2025-04-17 01:38:47,10.375,7,47.4375,0.0,16.0,0.0,bigru
2025-04-17 01:38:47,10.8125,8,101.0,0.0,16.0,0.0,bigru
2025-04-17 01:38:47,11.25,7,43.125,16.152355074882507,16.0,33.0,bigru
2025-04-17 01:38:47,11.6875,7,44.125,0.0,16.0,0.0,bigru
2025-04-17 01:38:47,11.411764705882353,8,45.125,0.0,17.0,0.0,bigru
2025-04-17 01:38:47,12.5625,7,49.0,0.0,16.0,0.0,bigru
2025-04-17 01:38:47,13.0,7,44.125,0.0,16.0,0.0,bigru
2025-04-17 01:38:47,13.4375,7,45.125,16.243699193000793,16.0,33.0,bigru
2025-04-17 01:38:47,13.875,7,46.125,0.0,16.0,0.0,bigru
2025-04-17 01:38:47,15.266666666666667,7,47.0,0.0,15.0,0.0,bigru
2025-04-17 01:38:47,15.8,8,48.13333333333333,0.0,15.0,0.0,bigru
2025-04-17 01:38:47,15.3125,9,49.13333333333333,0.0,16.0,0.0,bigru
2025-04-17 01:38:47,15.8125,8,47.0625,16.316430270671844,16.0,33.0,bigru
2025-04-17 01:38:47,16.3125,8,48.0625,0.0,16.0,0.0,bigru
2025-04-17 01:38:47,15.823529411764707,9,49.0625,0.0,17.0,0.0,bigru
2025-04-17 01:38:47,15.38888888888889,9,47.1764705882353,0.0,18.0,0.0,bigru
2025-04-17 01:38:47,15.833333333333334,8,45.55555555555556,0.0,18.0,0.0,bigru
2025-04-17 01:38:47,13.263157894736842,8,46.55555555555556,18.459759652614594,19.0,35.0,bigru
2025-04-17 01:38:47,11.578947368421053,7,45.10526315789474,0.0,19.0,0.0,bigru
2025-04-17 01:38:47,12.61111111111111,7,2.0,0.0,18.0,0.0,bigru
2025-04-17 01:38:47,13.0,7,49.55555555555556,0.0,18.0,0.0,bigru
2025-04-17 01:38:47,12.68421052631579,8,50.55555555555556,0.0,19.0,0.0,bigru
2025-04-17 01:38:47,12.4,8,48.89473684210526,19.48884427547455,20.0,34.0,bigru
2025-04-17 01:38:47,12.75,7,47.45,0.0,20.0,0.0,bigru
2025-04-17 01:38:47,13.1,7,48.45,0.0,20.0,0.0,bigru
2025-04-17 01:38:47,12.904761904761905,10,49.45,0.0,21.0,0.0,bigru
2025-04-17 01:38:47,13.238095238095237,8,48.095238095238095,0.0,21.0,0.0,bigru
2025-04-17 01:38:47,14.3,8,23.0,20.284490287303925,20.0,33.0,bigru
2025-04-17 01:38:48,15.473684210526315,8,135.0,0.0,19.0,0.0,bigru
2025-04-17 01:38:48,15.894736842105264,8,48.0,0.0,19.0,0.0,bigru
2025-04-17 01:38:48,16.31578947368421,8,49.0,0.0,19.0,0.0,bigru
2025-04-17 01:38:48,16.736842105263158,8,50.0,0.0,19.0,0.0,bigru
2025-04-17 01:38:48,18.11111111111111,8,21.0,18.953998386859894,18.0,32.0,bigru
2025-04-17 01:38:48,13.5,7,53.666666666666664,0.0,18.0,0.0,bigru
2025-04-17 01:38:48,11.38888888888889,6,54.666666666666664,0.0,18.0,0.0,bigru
2025-04-17 01:38:48,10.277777777777779,5,55.666666666666664,0.0,18.0,0.0,bigru
2025-04-17 01:38:48,10.058823529411764,4,54.0,0.0,17.0,0.0,bigru
2025-04-17 01:38:48,9.588235294117647,4,57.8235294117647,17.66393333673477,17.0,32.0,bigru
2025-04-17 01:38:48,9.823529411764707,4,58.8235294117647,0.0,17.0,0.0,bigru
2025-04-17 01:38:48,9.555555555555555,6,59.8235294117647,0.0,18.0,0.0,bigru
2025-04-17 01:38:48,9.833333333333334,5,57.5,0.0,18.0,0.0,bigru
2025-04-17 01:38:48,10.11111111111111,5,58.5,0.0,18.0,0.0,bigru
2025-04-17 01:38:48,11.0,5,96.0,17.717590928077698,17.0,32.0,bigru
2025-04-17 01:38:48,11.294117647058824,5,58.35294117647059,0.0,17.0,0.0,bigru
2025-04-17 01:38:48,11.588235294117647,5,59.35294117647059,0.0,17.0,0.0,bigru
2025-04-17 01:38:48,12.625,5,123.0,0.0,16.0,0.0,bigru
2025-04-17 01:38:48,12.176470588235293,6,57.4375,0.0,17.0,0.0,bigru
2025-04-17 01:38:48,12.470588235294118,5,55.05882352941177,17.364148795604706,17.0,33.0,bigru
2025-04-17 01:38:48,12.764705882352942,5,56.05882352941177,0.0,17.0,0.0,bigru
2025-04-17 01:38:48,13.058823529411764,5,57.05882352941177,0.0,17.0,0.0,bigru
2025-04-17 01:38:48,13.352941176470589,5,58.05882352941177,0.0,17.0,0.0,bigru
2025-04-17 01:38:48,13.647058823529411,5,59.05882352941177,0.0,17.0,0.0,bigru
2025-04-17 01:38:48,10.1875,4,110.0,16.700151562690735,16.0,32.0,bigru
2025-04-17 01:38:48,9.823529411764707,5,57.9375,0.0,17.0,0.0,bigru
2025-04-17 01:38:48,10.058823529411764,4,55.529411764705884,0.0,17.0,0.0,bigru
2025-04-17 01:38:48,9.777777777777779,6,56.529411764705884,0.0,18.0,0.0,bigru
2025-04-17 01:38:48,10.647058823529411,5,76.0,0.0,17.0,0.0,bigru
2025-04-17 01:38:48,11.625,5,79.0,16.789482533931732,16.0,32.0,bigru
2025-04-17 01:38:49,11.9375,5,53.5625,0.0,16.0,0.0,bigru
2025-04-17 01:38:49,11.529411764705882,6,54.5625,0.0,17.0,0.0,bigru
2025-04-17 01:38:49,12.5625,5,72.0,0.0,16.0,0.0,bigru
2025-04-17 01:38:49,12.9375,6,52.125,0.0,16.0,0.0,bigru
2025-04-17 01:38:49,13.3125,6,53.125,16.51308387517929,16.0,32.0,bigru
2025-04-17 01:38:49,13.75,7,54.125,0.0,16.0,0.0,bigru
2025-04-17 01:38:49,14.1875,7,55.125,0.0,16.0,0.0,bigru
2025-04-17 01:38:49,13.764705882352942,8,56.125,0.0,17.0,0.0,bigru
2025-04-17 01:38:49,14.176470588235293,7,53.8235294117647,0.0,17.0,0.0,bigru
2025-04-17 01:38:49,13.777777777777779,8,54.8235294117647,17.766347527503967,18.0,34.0,bigru
2025-04-17 01:38:49,13.473684210526315,9,52.77777777777778,0.0,19.0,0.0,bigru
2025-04-17 01:38:49,13.894736842105264,8,51.0,0.0,19.0,0.0,bigru
2025-04-17 01:38:49,14.31578947368421,8,52.0,0.0,19.0,0.0,bigru
2025-04-17 01:38:49,9.55,8,53.0,0.0,20.0,0.0,bigru
2025-04-17 01:38:49,5.85,8,51.35,19.63598281145096,20.0,34.0,bigru
2025-04-17 01:38:49,4.4,7,52.35,0.0,20.0,0.0,bigru
2025-04-17 01:38:49,3.789473684210526,5,28.0,0.0,19.0,0.0,bigru
2025-04-17 01:38:49,3.3684210526315788,4,55.68421052631579,0.0,19.0,0.0,bigru
2025-04-17 01:38:49,3.5789473684210527,4,56.68421052631579,0.0,19.0,0.0,bigru
2025-04-17 01:38:49,3.8421052631578947,5,57.68421052631579,19.29474025964737,19.0,33.0,bigru
2025-04-17 01:38:49,4.105263157894737,5,58.68421052631579,0.0,19.0,0.0,bigru
2025-04-17 01:38:49,4.368421052631579,5,59.68421052631579,0.0,19.0,0.0,bigru
2025-04-17 01:38:49,4.4,6,60.68421052631579,0.0,20.0,0.0,bigru
2025-04-17 01:38:49,4.65,5,58.65,0.0,20.0,0.0,bigru
2025-04-17 01:38:49,4.9,5,59.65,20.182833075523376,20.0,33.0,bigru
2025-04-17 01:38:50,5.473684210526316,7,44.5,0.0,19.0,0.0,bigru
2025-04-17 01:38:50,6.111111111111111,6,185.0,0.0,18.0,0.0,bigru
2025-04-17 01:38:50,6.444444444444445,6,54.22222222222222,0.0,18.0,0.0,bigru
2025-04-17 01:38:50,6.421052631578948,7,55.22222222222222,0.0,19.0,0.0,bigru
2025-04-17 01:38:50,6.7368421052631575,6,53.31578947368421,19.318850338459015,19.0,33.0,bigru
2025-04-17 01:38:50,7.444444444444445,6,122.0,0.0,18.0,0.0,bigru
2025-04-17 01:38:50,7.777777777777778,6,51.55555555555556,0.0,18.0,0.0,bigru
2025-04-17 01:38:50,8.11111111111111,6,52.55555555555556,0.0,18.0,0.0,bigru
2025-04-17 01:38:50,4.95,7,53.55555555555556,0.0,20.0,0.0,bigru
2025-04-17 01:38:50,5.2,5,49.2,19.971802830696106,20.0,34.0,bigru
2025-04-17 01:38:50,5.45,5,50.2,0.0,20.0,0.0,bigru
2025-04-17 01:38:50,5.7,6,142.0,0.0,20.0,0.0,bigru
2025-04-17 01:38:50,5.95,5,45.1,0.0,20.0,0.0,bigru
2025-04-17 01:38:50,6.2,5,46.1,0.0,20.0,0.0,bigru
2025-04-17 01:38:50,6.45,5,47.1,19.987304508686066,20.0,33.0,bigru
2025-04-17 01:38:50,6.7,5,48.1,0.0,20.0,0.0,bigru
2025-04-17 01:38:50,6.95,6,85.0,0.0,20.0,0.0,bigru
2025-04-17 01:38:50,7.2,5,45.85,0.0,20.0,0.0,bigru
2025-04-17 01:38:50,7.5,6,46.85,0.0,20.0,0.0,bigru
2025-04-17 01:38:50,7.8,6,47.85,20.271997153759003,20.0,33.0,bigru
2025-04-17 01:38:50,7.714285714285714,7,48.85,0.0,21.0,0.0,bigru
2025-04-17 01:38:50,8.4,6,13.0,0.0,20.0,0.0,bigru
2025-04-17 01:38:50,8.7,6,50.25,0.0,20.0,0.0,bigru
2025-04-17 01:38:50,9.0,6,51.25,0.0,20.0,0.0,bigru
2025-04-17 01:38:50,9.3,6,52.25,20.255522429943085,20.0,33.0,bigru
2025-04-17 01:38:50,9.6,6,53.25,0.0,20.0,0.0,bigru
2025-04-17 01:38:50,9.9,6,54.25,0.0,20.0,0.0,bigru
2025-04-17 01:38:50,9.714285714285714,7,55.25,0.0,21.0,0.0,bigru
2025-04-17 01:38:50,10.0,7,72.0,0.0,21.0,0.0,bigru
2025-04-17 01:38:50,10.333333333333334,7,51.19047619047619,20.64286768436432,21.0,33.0,bigru
2025-04-17 01:39:02,10.666666666666666,7,52.19047619047619,0.0,21.0,0.0,bigru
2025-04-17 01:39:02,11.55,7,47.0,0.0,20.0,0.0,bigru
2025-04-17 01:39:02,12.526315789473685,7,16.0,0.0,19.0,0.0,bigru
2025-04-17 01:39:02,12.894736842105264,7,57.526315789473685,0.0,19.0,0.0,bigru
2025-04-17 01:39:02,13.263157894736842,7,58.526315789473685,18.874335289001465,19.0,31.0,bigru
2025-04-17 01:39:03,13.0,9,59.526315789473685,0.0,20.0,0.0,bigru
2025-04-17 01:39:03,13.4,8,57.55,0.0,20.0,0.0,bigru
2025-04-17 01:39:03,13.8,8,58.55,0.0,20.0,0.0,bigru
2025-04-17 01:39:03,15.0,9,41.0,0.0,19.0,0.0,bigru
2025-04-17 01:39:03,15.473684210526315,9,61.526315789473685,18.87807846069336,19.0,32.0,bigru
2025-04-17 01:39:03,15.947368421052632,9,62.526315789473685,0.0,19.0,0.0,bigru
2025-04-17 01:39:03,16.473684210526315,10,63.526315789473685,0.0,19.0,0.0,bigru
2025-04-17 01:39:03,16.15,11,64.52631578947368,0.0,20.0,0.0,bigru
2025-04-17 01:39:03,14.25,11,62.3,0.0,20.0,0.0,bigru
2025-04-17 01:39:03,12.55,10,63.3,19.735749065876007,20.0,33.0,bigru
2025-04-17 01:39:03,12.2,9,64.3,0.0,20.0,0.0,bigru
2025-04-17 01:39:03,12.05,9,26.0,0.0,20.0,0.0,bigru
2025-04-17 01:39:03,11.95,7,65.0,0.0,20.0,0.0,bigru
2025-04-17 01:39:03,11.9,6,66.0,0.0,20.0,0.0,bigru
2025-04-17 01:39:03,11.619047619047619,7,67.0,20.225201547145844,21.0,33.0,bigru
2025-04-17 01:39:03,11.619047619047619,7,64.80952380952381,0.0,21.0,0.0,bigru
2025-04-17 01:39:03,11.904761904761905,7,65.80952380952381,0.0,21.0,0.0,bigru
2025-04-17 01:39:03,12.7,6,159.0,0.0,20.0,0.0,bigru
2025-04-17 01:39:03,12.85,5,63.2,0.0,20.0,0.0,bigru
2025-04-17 01:39:03,13.842105263157896,6,116.0,19.11063641309738,19.0,32.0,bigru
2025-04-17 01:39:03,14.210526315789474,7,62.473684210526315,0.0,19.0,0.0,bigru
2025-04-17 01:39:03,15.38888888888889,7,71.0,0.0,18.0,0.0,bigru
2025-04-17 01:39:03,15.833333333333334,8,64.05555555555556,0.0,18.0,0.0,bigru
2025-04-17 01:39:03,16.333333333333332,9,65.05555555555556,0.0,18.0,0.0,bigru
2025-04-17 01:39:03,12.333333333333334,9,66.05555555555556,18.085429072380066,18.0,31.0,bigru
2025-04-17 01:39:04,8.61111111111111,8,67.05555555555556,0.0,18.0,0.0,bigru
2025-04-17 01:39:04,5.0,7,68.05555555555556,0.0,18.0,0.0,bigru
2025-04-17 01:39:04,2.9444444444444446,7,69.05555555555556,0.0,18.0,0.0,bigru
2025-04-17 01:39:04,3.3333333333333335,7,70.05555555555556,0.0,18.0,0.0,bigru
2025-04-17 01:39:04,3.7777777777777777,8,71.05555555555556,17.819713056087494,18.0,32.0,bigru
2025-04-17 01:39:04,4.222222222222222,8,72.05555555555556,0.0,18.0,0.0,bigru
2025-04-17 01:39:04,4.666666666666667,8,73.05555555555556,0.0,18.0,0.0,bigru
2025-04-17 01:39:04,5.111111111111111,8,74.05555555555556,0.0,18.0,0.0,bigru
2025-04-17 01:39:04,5.882352941176471,8,136.0,0.0,17.0,0.0,bigru
2025-04-17 01:39:04,6.411764705882353,9,72.47058823529412,16.96586161851883,17.0,32.0,bigru
2025-04-17 01:39:04,6.9411764705882355,9,73.47058823529412,0.0,17.0,0.0,bigru
2025-04-17 01:39:04,7.470588235294118,9,74.47058823529412,0.0,17.0,0.0,bigru
2025-04-17 01:39:04,8.0,9,75.47058823529412,0.0,17.0,0.0,bigru
2025-04-17 01:39:04,8.529411764705882,9,76.47058823529412,0.0,17.0,0.0,bigru
2025-04-17 01:39:04,9.625,9,86.0,16.362157464027405,16.0,31.0,bigru
2025-04-17 01:39:04,10.25,10,77.9375,0.0,16.0,0.0,bigru
2025-04-17 01:39:04,10.875,10,78.9375,0.0,16.0,0.0,bigru
2025-04-17 01:39:04,11.5,10,79.9375,0.0,16.0,0.0,bigru
2025-04-17 01:39:04,11.875,9,80.9375,0.0,16.0,0.0,bigru
2025-04-17 01:39:04,12.4375,9,81.9375,15.992023050785065,16.0,32.0,bigru
2025-04-17 01:39:04,13.0,9,82.9375,0.0,16.0,0.0,bigru
2025-04-17 01:39:04,13.5625,9,83.9375,0.0,16.0,0.0,bigru
2025-04-17 01:39:04,14.125,9,84.9375,0.0,16.0,0.0,bigru
2025-04-17 01:39:04,14.6875,9,85.9375,0.0,16.0,0.0,bigru
2025-04-17 01:39:04,15.25,9,86.9375,15.884031355381012,16.0,32.0,bigru
2025-04-17 01:39:04,16.866666666666667,9,57.0,0.0,15.0,0.0,bigru
2025-04-17 01:39:05,17.466666666666665,9,91.0,0.0,15.0,0.0,bigru
2025-04-17 01:39:05,18.066666666666666,9,92.0,0.0,15.0,0.0,bigru
2025-04-17 01:39:05,20.0,9,146.0,0.0,14.0,0.0,bigru
2025-04-17 01:39:05,22.23076923076923,9,119.0,13.686461746692657,13.0,31.0,bigru
2025-04-17 01:39:05,22.923076923076923,9,89.0,0.0,13.0,0.0,bigru
2025-04-17 01:39:05,23.692307692307693,10,90.0,0.0,13.0,0.0,bigru
2025-04-17 01:39:05,24.46153846153846,10,91.0,0.0,13.0,0.0,bigru
2025-04-17 01:39:05,25.23076923076923,10,92.0,0.0,13.0,0.0,bigru
2025-04-17 01:39:05,26.0,10,93.0,13.248144090175629,13.0,31.0,bigru
2025-04-17 01:39:05,26.76923076923077,10,94.0,0.0,13.0,0.0,bigru
2025-04-17 01:39:05,27.53846153846154,10,95.0,0.0,13.0,0.0,bigru
2025-04-17 01:39:05,24.923076923076923,9,96.0,0.0,13.0,0.0,bigru
2025-04-17 01:39:05,22.23076923076923,8,97.0,0.0,13.0,0.0,bigru
2025-04-17 01:39:05,19.615384615384617,7,98.0,13.0453422665596,13.0,32.0,bigru
2025-04-17 01:39:05,16.923076923076923,6,99.0,0.0,13.0,0.0,bigru
2025-04-17 01:39:05,14.307692307692308,5,100.0,0.0,13.0,0.0,bigru
2025-04-17 01:39:05,11.692307692307692,4,101.0,0.0,13.0,0.0,bigru
2025-04-17 01:39:05,12.0,4,102.0,0.0,13.0,0.0,bigru
2025-04-17 01:39:05,12.307692307692308,4,103.0,13.0453422665596,13.0,33.0,bigru
2025-04-17 01:39:05,12.692307692307692,5,104.0,0.0,13.0,0.0,bigru
2025-04-17 01:39:05,13.076923076923077,5,105.0,0.0,13.0,0.0,bigru
2025-04-17 01:39:05,13.461538461538462,5,106.0,0.0,13.0,0.0,bigru
2025-04-17 01:39:05,13.846153846153847,5,107.0,0.0,13.0,0.0,bigru
2025-04-17 01:39:05,15.416666666666666,5,60.0,12.50295341014862,12.0,32.0,bigru
2025-04-17 01:39:05,15.833333333333334,5,113.0,0.0,12.0,0.0,bigru
2025-04-17 01:39:05,16.333333333333332,6,114.0,0.0,12.0,0.0,bigru
2025-04-17 01:39:05,20.2,6,166.0,0.0,10.0,0.0,bigru
2025-04-17 01:39:05,20.8,6,105.8,0.0,10.0,0.0,bigru
2025-04-17 01:39:05,21.4,6,106.8,10.532665252685547,10.0,30.0,bigru
2025-04-17 01:39:06,22.0,6,107.8,0.0,10.0,0.0,bigru
2025-04-17 01:39:06,15.2,5,108.8,0.0,10.0,0.0,bigru
2025-04-17 01:39:06,15.7,5,109.8,0.0,10.0,0.0,bigru
2025-04-17 01:39:06,16.2,5,110.8,0.0,10.0,0.0,bigru
2025-04-17 01:39:06,16.7,5,111.8,10.370537638664246,10.0,32.0,bigru
2025-04-17 01:39:06,17.2,5,112.8,0.0,10.0,0.0,bigru
2025-04-17 01:39:06,17.7,5,113.8,0.0,10.0,0.0,bigru
2025-04-17 01:39:06,18.2,5,114.8,0.0,10.0,0.0,bigru
2025-04-17 01:39:06,18.7,5,115.8,0.0,10.0,0.0,bigru
2025-04-17 01:39:06,19.2,5,116.8,10.228294134140015,10.0,33.0,bigru
2025-04-17 01:39:06,19.7,5,117.8,0.0,10.0,0.0,bigru
2025-04-17 01:39:06,20.2,5,118.8,0.0,10.0,0.0,bigru
2025-04-17 01:39:06,20.7,5,119.8,0.0,10.0,0.0,bigru
2025-04-17 01:39:06,21.2,5,120.8,0.0,10.0,0.0,bigru
2025-04-17 01:39:06,21.7,5,121.8,10.228294134140015,10.0,33.0,bigru
2025-04-17 01:39:06,24.666666666666668,5,119.0,0.0,9.0,0.0,bigru
2025-04-17 01:39:06,25.22222222222222,5,124.22222222222223,0.0,9.0,0.0,bigru
2025-04-17 01:39:06,29.0,5,214.0,0.0,8.0,0.0,bigru
2025-04-17 01:39:06,29.625,5,115.125,0.0,8.0,0.0,bigru
2025-04-17 01:39:06,30.25,5,116.125,8.592815697193146,8.0,31.0,bigru
2025-04-17 01:39:06,22.5,4,117.125,0.0,8.0,0.0,bigru
2025-04-17 01:39:06,23.0,4,118.125,0.0,8.0,0.0,bigru
2025-04-17 01:39:06,23.5,4,119.125,0.0,8.0,0.0,bigru
2025-04-17 01:39:06,24.0,4,120.125,0.0,8.0,0.0,bigru
2025-04-17 01:39:06,24.5,4,121.125,8.45109447836876,8.0,32.0,bigru
2025-04-17 01:39:06,25.0,4,122.125,0.0,8.0,0.0,bigru
2025-04-17 01:39:06,29.142857142857142,4,138.0,0.0,7.0,0.0,bigru
2025-04-17 01:39:06,29.714285714285715,4,122.0,0.0,7.0,0.0,bigru
2025-04-17 01:39:06,30.285714285714285,4,123.0,0.0,7.0,0.0,bigru
2025-04-17 01:39:06,30.857142857142858,4,124.0,7.551044970750809,7.0,32.0,bigru
2025-04-17 01:39:07,31.428571428571427,4,125.0,0.0,7.0,0.0,bigru
2025-04-17 01:39:07,32.0,4,126.0,0.0,7.0,0.0,bigru
2025-04-17 01:39:07,32.57142857142857,4,127.0,0.0,7.0,0.0,bigru
2025-04-17 01:39:07,38.666666666666664,4,106.0,0.0,6.0,0.0,bigru
2025-04-17 01:39:07,39.333333333333336,4,132.66666666666666,6.754410266876221,6.0,32.0,bigru
2025-04-17 01:39:07,40.0,4,133.66666666666666,0.0,6.0,0.0,bigru
2025-04-17 01:39:07,24.833333333333332,3,134.66666666666666,0.0,6.0,0.0,bigru
2025-04-17 01:39:07,17.333333333333332,2,135.66666666666666,0.0,6.0,0.0,bigru
2025-04-17 01:39:07,21.2,2,171.0,0.0,5.0,0.0,bigru
2025-04-17 01:39:07,21.6,2,130.8,5.895007401704788,5.0,31.0,bigru
2025-04-17 01:39:07,22.0,2,131.8,0.0,5.0,0.0,bigru
2025-04-17 01:39:07,22.4,2,132.8,0.0,5.0,0.0,bigru
2025-04-17 01:39:07,22.8,2,133.8,0.0,5.0,0.0,bigru
2025-04-17 01:39:07,23.2,2,134.8,0.0,5.0,0.0,bigru
2025-04-17 01:39:07,23.6,2,135.8,5.697467178106308,5.0,33.0,bigru
2025-04-17 01:39:07,24.0,2,136.8,0.0,5.0,0.0,bigru
2025-04-17 01:39:07,24.4,2,137.8,0.0,5.0,0.0,bigru
2025-04-17 01:39:07,24.8,2,138.8,0.0,5.0,0.0,bigru
2025-04-17 01:39:07,25.2,2,139.8,0.0,5.0,0.0,bigru
2025-04-17 01:39:07,32.0,2,156.0,5.092678964138031,4.0,33.0,bigru
2025-04-17 01:39:07,32.5,2,138.0,0.0,4.0,0.0,bigru
2025-04-17 01:39:07,33.0,2,139.0,0.0,4.0,0.0,bigru
2025-04-17 01:39:07,14.25,1,140.0,0.0,4.0,0.0,bigru
2025-04-17 01:39:07,19.333333333333332,1,141.0,0.0,3.0,0.0,bigru
2025-04-17 01:39:07,19.666666666666668,1,142.0,3.6685265600681305,3.0,28.0,bigru
2025-04-17 01:39:20,20.0,1,143.0,0.0,3.0,0.0,bigru
2025-04-17 01:39:20,20.333333333333332,1,144.0,0.0,3.0,0.0,bigru
2025-04-17 01:39:20,20.666666666666668,1,145.0,0.0,3.0,0.0,bigru
2025-04-17 01:39:20,31.5,1,138.0,0.0,2.0,0.0,bigru
2025-04-17 01:39:20,32.0,1,151.0,2.817459963262081,2.0,24.0,bigru
2025-04-17 01:39:20,32.5,1,152.0,0.0,2.0,0.0,bigru
2025-04-17 01:39:20,33.0,1,153.0,0.0,2.0,0.0,bigru
2025-04-17 01:39:20,33.5,1,154.0,0.0,2.0,0.0,bigru
2025-04-17 01:39:20,34.0,1,155.0,0.0,2.0,0.0,bigru
2025-04-17 01:39:20,34.5,1,156.0,2.6048438623547554,2.0,24.0,bigru
2025-04-17 01:39:20,35.0,1,157.0,0.0,2.0,0.0,bigru
2025-04-17 01:39:20,35.5,1,158.0,0.0,2.0,0.0,bigru
2025-04-17 01:39:20,36.0,1,159.0,0.0,2.0,0.0,bigru
2025-04-17 01:39:20,36.5,1,160.0,0.0,2.0,0.0,bigru
2025-04-17 01:39:20,74.0,1,138.0,2.1132798865437508,1.0,22.0,bigru
2025-04-17 01:39:20,75.0,1,185.0,0.0,1.0,0.0,bigru
2025-04-17 01:39:20,76.0,1,186.0,0.0,1.0,0.0,bigru
2025-04-17 01:39:20,77.0,1,187.0,0.0,1.0,0.0,bigru
2025-04-17 01:39:20,78.0,1,188.0,0.0,1.0,0.0,bigru
2025-04-17 01:39:20,79.0,1,189.0,1.7545167356729507,1.0,20.0,bigru
2025-04-17 01:39:21,80.0,1,190.0,0.0,1.0,0.0,bigru
2025-04-17 01:39:21,81.0,1,191.0,0.0,1.0,0.0,bigru
2025-04-17 01:39:21,82.0,1,192.0,0.0,1.0,0.0,bigru
2025-04-17 01:39:21,83.0,1,193.0,0.0,1.0,0.0,bigru
2025-04-17 01:39:21,84.0,1,194.0,1.6670331358909607,1.0,20.0,bigru
2025-04-17 01:39:21,85.0,1,195.0,0.0,1.0,0.0,bigru
2025-04-17 01:39:21,86.0,1,196.0,0.0,1.0,0.0,bigru
2025-04-17 01:39:21,87.0,1,197.0,0.0,1.0,0.0,bigru
2025-04-17 01:39:21,88.0,1,198.0,0.0,1.0,0.0,bigru
2025-04-17 01:39:21,89.0,1,199.0,1.6670331358909607,1.0,20.0,bigru
2025-04-17 01:39:21,90.0,1,200.0,0.0,1.0,0.0,bigru
2025-04-17 01:39:21,91.0,1,201.0,0.0,1.0,0.0,bigru
2025-04-17 01:39:21,92.0,1,202.0,0.0,1.0,0.0,bigru
2025-04-17 01:39:21,93.0,1,203.0,0.0,1.0,0.0,bigru
2025-04-17 01:39:21,94.0,1,204.0,1.6670331358909607,1.0,20.0,bigru
2025-04-17 01:39:21,0.0,0,205.0,0.0,1.0,0.0,bigru
2025-04-17 01:39:21,0.0,0,206.0,0.0,1.0,0.0,bigru
2025-04-17 01:39:21,0.0,0,207.0,0.0,1.0,0.0,bigru
2025-04-17 01:39:21,0.0,0,208.0,0.0,1.0,0.0,bigru
2025-04-17 01:39:21,0.0,0,209.0,1.6670331358909607,1.0,20.0,bigru
2025-04-17 01:39:21,0.0,0,210.0,0.0,1.0,0.0,bigru
2025-04-17 01:39:21,0.0,0,211.0,0.0,1.0,0.0,bigru
2025-04-17 01:39:21,0.0,0,212.0,0.0,1.0,0.0,bigru
2025-04-17 01:39:21,0.0,0,213.0,0.0,1.0,0.0,bigru
2025-04-17 01:39:21,0.0,0,214.0,1.6670331358909607,1.0,20.0,bigru
2025-04-17 01:39:21,0.0,0,215.0,0.0,1.0,0.0,bigru
2025-04-17 01:39:21,0.0,0,216.0,0.0,1.0,0.0,bigru
2025-04-17 01:39:21,0.0,0,217.0,0.0,1.0,0.0,bigru
2025-04-17 01:39:21,0.0,0,218.0,0.0,1.0,0.0,bigru
2025-04-17 01:39:21,0.0,0,219.0,1.6670331358909607,1.0,20.0,bigru
2025-04-17 01:39:22,0.0,0,220.0,0.0,1.0,0.0,bigru
2025-04-17 01:39:22,0.0,0,221.0,0.0,1.0,0.0,bigru
2025-04-17 01:39:22,0.0,0,222.0,0.0,1.0,0.0,bigru
2025-04-17 01:39:22,0.0,0,223.0,0.0,1.0,0.0,bigru
2025-04-17 01:39:22,0.0,0,224.0,1.6670331358909607,1.0,20.0,bigru
2025-04-17 01:39:22,0.0,0,225.0,0.0,1.0,0.0,bigru
2025-04-17 01:39:22,0.0,0,226.0,0.0,0.001,0.0,bigru
