timestamp,waiting_time,queue_length,travel_time,predictions,actual_flows,model_type
2025-04-12 03:17:24,0.0,0,0,0.0,0.001,lstm
2025-04-12 03:17:24,0.0,0,0,0.0,0.001,lstm
2025-04-12 03:17:24,0.0,0,0,0.0,0.001,lstm
2025-04-12 03:17:24,0.0,0,0,0.0,0.001,lstm
2025-04-12 03:17:24,0.0,0,0,0.0,0.001,lstm
2025-04-12 03:17:25,0.0,0,0,0.0,0.001,lstm
2025-04-12 03:17:25,0.0,0,0,0.0,0.001,lstm
2025-04-12 03:17:25,0.0,1,0,0.0,1.0,lstm
2025-04-12 03:17:25,0.0,0,0,0.0,1.0,lstm
2025-04-12 03:17:25,0.0,0,0,0.0,1.0,lstm
2025-04-12 03:17:25,0.0,0,0,0.0,1.0,lstm
2025-04-12 03:17:25,0.0,0,0,0.0,1.0,lstm
2025-04-12 03:17:25,0.0,0,0,0.0,1.0,lstm
2025-04-12 03:17:25,0.0,1,0,0.0,2.0,lstm
2025-04-12 03:17:25,0.0,1,0,0.0,3.0,lstm
2025-04-12 03:17:25,0.0,0,0,0.0,3.0,lstm
2025-04-12 03:17:25,0.0,0,0,0.0,3.0,lstm
2025-04-12 03:17:25,0.0,1,0,0.0,4.0,lstm
2025-04-12 03:17:25,0.0,0,0,0.0,4.0,lstm
2025-04-12 03:17:25,0.0,0,0,0.0,4.0,lstm
2025-04-12 03:17:25,0.0,0,0,0.0,4.0,lstm
2025-04-12 03:17:25,0.0,1,0,0.0,5.0,lstm
2025-04-12 03:17:25,0.0,0,0,0.0,5.0,lstm
2025-04-12 03:17:25,0.0,0,0,0.0,5.0,lstm
2025-04-12 03:17:25,0.0,1,0,0.0,6.0,lstm
2025-04-12 03:17:25,0.0,0,0,0.0,6.0,lstm
2025-04-12 03:17:25,0.0,0,0,0.0,5.0,lstm
2025-04-12 03:17:25,0.16666666666666666,2,0,0.0,6.0,lstm
2025-04-12 03:17:25,0.2857142857142857,2,0,0.0,7.0,lstm
2025-04-12 03:17:25,0.375,2,0,0.0,8.0,lstm
2025-04-12 03:17:25,0.5,1,0,0.0,8.0,lstm
2025-04-12 03:17:25,0.625,1,0,0.0,8.0,lstm
2025-04-12 03:17:25,0.0,0,0,0.0,8.0,lstm
2025-04-12 03:17:25,0.0,0,0,0.0,8.0,lstm
2025-04-12 03:17:25,0.0,0,0,0.0,8.0,lstm
2025-04-12 03:17:25,0.0,0,0,0.0,8.0,lstm
2025-04-12 03:17:25,0.125,1,0,0.0,8.0,lstm
2025-04-12 03:17:25,0.25,1,0,0.0,8.0,lstm
2025-04-12 03:17:25,0.375,1,0,0.0,8.0,lstm
2025-04-12 03:17:25,0.4444444444444444,2,0,1.5031490921974182,9.0,lstm
2025-04-12 03:17:30,0.5555555555555556,1,0,0.0,9.0,lstm
2025-04-12 03:17:30,0.75,1,0,0.0,8.0,lstm
2025-04-12 03:17:30,0.875,1,0,0.0,8.0,lstm
2025-04-12 03:17:30,1.0,1,0,0.0,8.0,lstm
2025-04-12 03:17:30,1.125,1,0,1.4947799295186996,8.0,lstm
2025-04-12 03:17:30,1.25,1,0,0.0,8.0,lstm
2025-04-12 03:17:30,1.5,2,0,0.0,8.0,lstm
2025-04-12 03:17:30,1.75,2,0,0.0,8.0,lstm
2025-04-12 03:17:30,2.0,2,0,0.0,8.0,lstm
2025-04-12 03:17:30,2.25,2,0,1.4759658426046371,8.0,lstm
2025-04-12 03:17:31,2.2222222222222223,3,0,0.0,9.0,lstm
2025-04-12 03:17:31,2.2,3,0,0.0,10.0,lstm
2025-04-12 03:17:31,2.1818181818181817,3,0,0.0,11.0,lstm
2025-04-12 03:17:31,2.1666666666666665,3,0,0.0,12.0,lstm
2025-04-12 03:17:31,2.5454545454545454,2,0,1.7876660227775574,11.0,lstm
2025-04-12 03:17:31,2.727272727272727,3,0,0.0,11.0,lstm
2025-04-12 03:17:31,2.909090909090909,2,0,0.0,11.0,lstm
2025-04-12 03:17:31,3.090909090909091,2,0,0.0,11.0,lstm
2025-04-12 03:17:31,3.272727272727273,2,0,0.0,11.0,lstm
2025-04-12 03:17:31,3.4545454545454546,2,0,1.8873410671949387,11.0,lstm
2025-04-12 03:17:31,3.3333333333333335,3,0,0.0,12.0,lstm
2025-04-12 03:17:31,3.230769230769231,3,0,0.0,13.0,lstm
2025-04-12 03:17:31,3.3846153846153846,2,0,0.0,13.0,lstm
2025-04-12 03:17:31,3.2857142857142856,3,0,0.0,14.0,lstm
2025-04-12 03:17:31,3.5,3,0,2.0847516506910324,14.0,lstm
2025-04-12 03:17:31,3.533333333333333,5,0,0.0,15.0,lstm
2025-04-12 03:17:31,3.5625,5,0,0.0,16.0,lstm
2025-04-12 03:17:31,3.875,5,0,0.0,16.0,lstm
2025-04-12 03:17:31,4.6,7,0,0.0,15.0,lstm
2025-04-12 03:17:31,4.75,8,0,2.2953110933303833,16.0,lstm
2025-04-12 03:17:31,5.1875,7,0,0.0,16.0,lstm
2025-04-12 03:17:31,5.294117647058823,8,0,0.0,17.0,lstm
2025-04-12 03:17:31,5.764705882352941,8,0,0.0,17.0,lstm
2025-04-12 03:17:31,6.625,8,0,0.0,16.0,lstm
2025-04-12 03:17:31,6.705882352941177,9,0,2.4050346314907074,17.0,lstm
2025-04-12 03:17:31,5.411764705882353,7,0,0.0,17.0,lstm
2025-04-12 03:17:31,5.823529411764706,7,0,0.0,17.0,lstm
2025-04-12 03:17:31,6.6875,8,0,0.0,16.0,lstm
2025-04-12 03:17:31,7.1875,8,0,0.0,16.0,lstm
2025-04-12 03:17:31,7.235294117647059,9,0,2.421321541070938,17.0,lstm
2025-04-12 03:17:32,8.1875,8,0,0.0,16.0,lstm
2025-04-12 03:17:32,8.6875,8,0,0.0,16.0,lstm
2025-04-12 03:17:32,8.647058823529411,9,0,0.0,17.0,lstm
2025-04-12 03:17:32,9.117647058823529,8,0,0.0,17.0,lstm
2025-04-12 03:17:32,11.642857142857142,8,0,2.425244003534317,14.0,lstm
2025-04-12 03:17:32,12.214285714285714,8,0,0.0,14.0,lstm
2025-04-12 03:17:32,13.846153846153847,9,0,0.0,13.0,lstm
2025-04-12 03:17:32,14.538461538461538,9,0,0.0,13.0,lstm
2025-04-12 03:17:32,15.23076923076923,9,0,0.0,13.0,lstm
2025-04-12 03:17:32,17.25,9,0,2.1913190335035324,12.0,lstm
2025-04-12 03:17:32,18.0,9,0,0.0,12.0,lstm
2025-04-12 03:17:32,18.75,9,0,0.0,12.0,lstm
2025-04-12 03:17:32,19.5,9,0,0.0,12.0,lstm
2025-04-12 03:17:32,18.692307692307693,10,0,0.0,13.0,lstm
2025-04-12 03:17:32,16.071428571428573,9,0,2.0820128470659256,14.0,lstm
2025-04-12 03:17:32,15.928571428571429,7,0,0.0,14.0,lstm
2025-04-12 03:17:32,16.428571428571427,7,0,0.0,14.0,lstm
2025-04-12 03:17:32,16.928571428571427,7,0,0.0,14.0,lstm
2025-04-12 03:17:32,17.428571428571427,7,0,0.0,14.0,lstm
2025-04-12 03:17:32,17.928571428571427,7,0,4.454893112182617,14.0,lstm
2025-04-12 03:17:37,18.428571428571427,7,0,0.0,14.0,lstm
2025-04-12 03:17:37,17.666666666666668,8,0,0.0,15.0,lstm
2025-04-12 03:17:37,18.133333333333333,7,0,0.0,15.0,lstm
2025-04-12 03:17:37,17.4375,8,0,0.0,16.0,lstm
2025-04-12 03:17:37,16.823529411764707,8,0,4.725486725568771,17.0,lstm
2025-04-12 03:17:37,18.3125,7,0,0.0,16.0,lstm
2025-04-12 03:17:37,18.75,7,0,0.0,16.0,lstm
2025-04-12 03:17:37,19.1875,7,0,0.0,16.0,lstm
2025-04-12 03:17:37,19.625,7,0,0.0,16.0,lstm
2025-04-12 03:17:37,20.125,8,0,5.045002967119217,16.0,lstm
2025-04-12 03:17:37,20.625,8,0,0.0,16.0,lstm
2025-04-12 03:17:37,21.1875,9,0,0.0,16.0,lstm
2025-04-12 03:17:37,21.75,9,0,0.0,16.0,lstm
2025-04-12 03:17:37,18.235294117647058,9,0,0.0,17.0,lstm
2025-04-12 03:17:37,19.875,8,0,5.116326153278351,16.0,lstm
2025-04-12 03:17:37,20.4375,9,0,0.0,16.0,lstm
2025-04-12 03:17:37,21.0,9,0,0.0,16.0,lstm
2025-04-12 03:17:37,20.294117647058822,10,0,0.0,17.0,lstm
2025-04-12 03:17:37,19.666666666666668,10,0,0.0,18.0,lstm
2025-04-12 03:17:37,22.6875,9,0,5.188465029001236,16.0,lstm
2025-04-12 03:17:37,23.25,9,0,0.0,16.0,lstm
2025-04-12 03:17:37,23.8125,9,0,0.0,16.0,lstm
2025-04-12 03:17:37,24.375,9,0,0.0,16.0,lstm
2025-04-12 03:17:37,24.9375,9,0,0.0,16.0,lstm
2025-04-12 03:17:37,24.0,10,0,5.215036243200302,17.0,lstm
2025-04-12 03:17:37,24.529411764705884,9,0,0.0,17.0,lstm
2025-04-12 03:17:37,25.058823529411764,9,0,0.0,17.0,lstm
2025-04-12 03:17:37,24.166666666666668,10,0,0.0,18.0,lstm
2025-04-12 03:17:37,24.666666666666668,9,0,0.0,18.0,lstm
2025-04-12 03:17:37,19.944444444444443,8,0,5.296758204698563,18.0,lstm
2025-04-12 03:17:37,15.842105263157896,8,0,0.0,19.0,lstm
2025-04-12 03:17:37,15.31578947368421,6,0,0.0,19.0,lstm
2025-04-12 03:17:37,16.5,6,0,0.0,18.0,lstm
2025-04-12 03:17:37,17.823529411764707,6,0,0.0,17.0,lstm
2025-04-12 03:17:37,18.176470588235293,6,0,5.604842126369476,17.0,lstm
2025-04-12 03:17:38,18.529411764705884,6,0,0.0,17.0,lstm
2025-04-12 03:17:38,18.88235294117647,6,0,0.0,17.0,lstm
2025-04-12 03:17:38,18.166666666666668,7,0,0.0,18.0,lstm
2025-04-12 03:17:38,18.5,6,0,0.0,18.0,lstm
2025-04-12 03:17:38,18.88888888888889,8,0,5.525535315275192,18.0,lstm
2025-04-12 03:17:38,20.294117647058822,6,0,0.0,17.0,lstm
2025-04-12 03:17:38,20.647058823529413,6,0,0.0,17.0,lstm
2025-04-12 03:17:38,21.0,6,0,0.0,17.0,lstm
2025-04-12 03:17:38,21.352941176470587,6,0,0.0,17.0,lstm
2025-04-12 03:17:38,21.705882352941178,6,0,5.451672345399857,17.0,lstm
2025-04-12 03:17:38,18.3125,5,0,0.0,16.0,lstm
2025-04-12 03:17:38,13.6875,4,0,0.0,16.0,lstm
2025-04-12 03:17:38,9.8,3,0,0.0,15.0,lstm
2025-04-12 03:17:38,5.571428571428571,2,0,0.0,14.0,lstm
2025-04-12 03:17:38,2.9285714285714284,1,0,5.154954880475998,14.0,lstm
2025-04-12 03:17:38,3.0,1,0,0.0,14.0,lstm
2025-04-12 03:17:38,3.142857142857143,2,0,0.0,14.0,lstm
2025-04-12 03:17:38,3.2857142857142856,2,0,0.0,14.0,lstm
2025-04-12 03:17:38,3.4285714285714284,2,0,0.0,14.0,lstm
2025-04-12 03:17:38,3.8461538461538463,2,0,4.717662692070007,13.0,lstm
2025-04-12 03:17:38,3.7142857142857144,3,0,0.0,14.0,lstm
2025-04-12 03:17:38,3.857142857142857,2,0,0.0,14.0,lstm
2025-04-12 03:17:38,4.0,2,0,0.0,14.0,lstm
2025-04-12 03:17:38,4.833333333333333,2,0,0.0,12.0,lstm
2025-04-12 03:17:38,5.0,2,0,4.535199522972107,12.0,lstm
2025-04-12 03:17:38,5.636363636363637,3,0,0.0,11.0,lstm
2025-04-12 03:17:38,5.818181818181818,2,0,0.0,11.0,lstm
2025-04-12 03:17:38,5.5,3,0,0.0,12.0,lstm
2025-04-12 03:17:38,5.666666666666667,3,0,0.0,12.0,lstm
2025-04-12 03:17:38,6.363636363636363,2,0,4.233589947223663,11.0,lstm
2025-04-12 03:17:38,6.545454545454546,2,0,0.0,11.0,lstm
2025-04-12 03:17:38,7.4,2,0,0.0,10.0,lstm
2025-04-12 03:17:38,7.0,4,0,0.0,11.0,lstm
2025-04-12 03:17:38,8.0,3,0,0.0,10.0,lstm
2025-04-12 03:17:38,8.3,3,0,3.9499779790639877,10.0,lstm
2025-04-12 03:17:39,8.6,3,0,0.0,10.0,lstm
2025-04-12 03:17:39,8.9,3,0,0.0,10.0,lstm
2025-04-12 03:17:39,10.222222222222221,3,0,0.0,9.0,lstm
2025-04-12 03:17:39,10.555555555555555,3,0,0.0,9.0,lstm
2025-04-12 03:17:39,10.88888888888889,3,0,3.736148253083229,9.0,lstm
2025-04-12 03:17:39,11.222222222222221,3,0,0.0,9.0,lstm
2025-04-12 03:17:39,10.4,4,0,0.0,10.0,lstm
2025-04-12 03:17:39,10.7,3,0,0.0,10.0,lstm
2025-04-12 03:17:39,11.0,3,0,0.0,10.0,lstm
2025-04-12 03:17:39,11.3,4,0,3.63245789706707,10.0,lstm
2025-04-12 03:17:39,11.6,3,0,0.0,10.0,lstm
2025-04-12 03:17:39,13.222222222222221,3,0,0.0,9.0,lstm
2025-04-12 03:17:39,13.555555555555555,3,0,0.0,9.0,lstm
2025-04-12 03:17:39,5.555555555555555,2,0,0.0,9.0,lstm
2025-04-12 03:17:39,2.0,1,0,3.651599496603012,9.0,lstm
2025-04-12 03:17:39,0.0,0,0,0.0,9.0,lstm
2025-04-12 03:17:39,0.0,0,0,0.0,9.0,lstm
2025-04-12 03:17:39,0.0,0,0,0.0,9.0,lstm
2025-04-12 03:17:39,0.0,0,0,0.0,9.0,lstm
2025-04-12 03:17:39,0.0,0,0,3.5402801632881165,8.0,lstm
2025-04-12 03:17:39,0.0,0,0,0.0,8.0,lstm
2025-04-12 03:17:39,0.0,0,0,0.0,8.0,lstm
2025-04-12 03:17:39,0.0,0,0,0.0,8.0,lstm
2025-04-12 03:17:39,0.125,1,0,0.0,8.0,lstm
2025-04-12 03:17:39,0.2857142857142857,1,0,3.4152884036302567,7.0,lstm
2025-04-12 03:17:39,0.375,2,0,0.0,8.0,lstm
2025-04-12 03:17:39,0.5,1,0,0.0,8.0,lstm
2025-04-12 03:17:39,0.7142857142857143,1,0,0.0,7.0,lstm
2025-04-12 03:17:39,0.75,2,0,0.0,8.0,lstm
2025-04-12 03:17:39,0.7777777777777778,2,0,8.960549414157867,9.0,lstm
2025-04-12 03:17:44,0.8888888888888888,1,0,0.0,9.0,lstm
2025-04-12 03:17:44,1.2857142857142858,1,0,0.0,7.0,lstm
2025-04-12 03:17:44,1.4285714285714286,1,0,0.0,7.0,lstm
2025-04-12 03:17:44,1.8333333333333333,1,0,0.0,6.0,lstm
2025-04-12 03:17:44,2.0,1,0,8.638460129499435,6.0,lstm
2025-04-12 03:17:44,2.1666666666666665,1,0,0.0,6.0,lstm
2025-04-12 03:17:44,2.3333333333333335,1,0,0.0,6.0,lstm
2025-04-12 03:17:44,2.5,1,0,0.0,6.0,lstm
2025-04-12 03:17:44,2.2857142857142856,2,0,0.0,7.0,lstm
2025-04-12 03:17:44,2.125,2,0,8.222832977771759,8.0,lstm
2025-04-12 03:17:44,2.25,1,0,0.0,8.0,lstm
2025-04-12 03:17:44,2.7142857142857144,2,0,0.0,7.0,lstm
2025-04-12 03:17:44,2.857142857142857,1,0,0.0,7.0,lstm
2025-04-12 03:17:44,3.0,1,0,0.0,7.0,lstm
2025-04-12 03:17:44,3.6666666666666665,1,0,8.313394665718079,6.0,lstm
2025-04-12 03:17:44,3.2857142857142856,2,0,0.0,7.0,lstm
2025-04-12 03:17:44,3.0,2,0,0.0,8.0,lstm
2025-04-12 03:17:44,2.888888888888889,3,0,0.0,9.0,lstm
2025-04-12 03:17:44,3.5,2,0,0.0,8.0,lstm
2025-04-12 03:17:44,3.75,2,0,8.747795641422272,8.0,lstm
2025-04-12 03:17:44,4.0,2,0,0.0,8.0,lstm
2025-04-12 03:17:44,4.25,2,0,0.0,8.0,lstm
2025-04-12 03:17:44,0.75,1,0,0.0,8.0,lstm
2025-04-12 03:17:44,0.875,1,0,0.0,8.0,lstm
2025-04-12 03:17:44,0.8888888888888888,2,0,9.109217375516891,9.0,lstm
2025-04-12 03:17:44,0.9,2,0,0.0,10.0,lstm
2025-04-12 03:17:44,1.0,1,0,0.0,10.0,lstm
2025-04-12 03:17:44,1.0,2,0,0.0,11.0,lstm
2025-04-12 03:17:44,1.0909090909090908,1,0,0.0,11.0,lstm
2025-04-12 03:17:44,1.1818181818181819,1,0,10.096455514431,11.0,lstm
2025-04-12 03:17:44,1.1666666666666667,2,0,0.0,12.0,lstm
2025-04-12 03:17:44,1.25,1,0,0.0,12.0,lstm
2025-04-12 03:17:44,1.4166666666666667,2,0,0.0,12.0,lstm
2025-04-12 03:17:44,1.5833333333333333,2,0,0.0,12.0,lstm
2025-04-12 03:17:44,1.75,2,0,11.340273022651672,12.0,lstm
2025-04-12 03:17:45,1.9166666666666667,2,0,0.0,12.0,lstm
2025-04-12 03:17:45,2.272727272727273,2,0,0.0,11.0,lstm
2025-04-12 03:17:45,2.4545454545454546,2,0,0.0,11.0,lstm
2025-04-12 03:17:45,2.6363636363636362,2,0,0.0,11.0,lstm
2025-04-12 03:17:45,2.5833333333333335,3,0,11.492760300636292,12.0,lstm
2025-04-12 03:17:45,2.5384615384615383,3,0,0.0,13.0,lstm
2025-04-12 03:17:45,2.5714285714285716,4,0,0.0,14.0,lstm
2025-04-12 03:17:45,2.7857142857142856,3,0,0.0,14.0,lstm
2025-04-12 03:17:45,2.8,4,0,0.0,15.0,lstm
2025-04-12 03:17:45,3.0,3,0,12.51141083240509,15.0,lstm
2025-04-12 03:17:45,3.2,3,0,0.0,15.0,lstm
2025-04-12 03:17:45,3.4,3,0,0.0,15.0,lstm
2025-04-12 03:17:45,3.6,3,0,0.0,15.0,lstm
2025-04-12 03:17:45,3.8,3,0,0.0,15.0,lstm
2025-04-12 03:17:45,3.8125,5,0,13.90482097864151,16.0,lstm
2025-04-12 03:17:45,3.823529411764706,5,0,0.0,17.0,lstm
2025-04-12 03:17:45,4.0588235294117645,4,0,0.0,17.0,lstm
2025-04-12 03:17:45,4.294117647058823,4,0,0.0,17.0,lstm
2025-04-12 03:17:45,4.277777777777778,5,0,0.0,18.0,lstm
2025-04-12 03:17:45,4.5,4,0,15.275606274604797,18.0,lstm
2025-04-12 03:17:45,3.388888888888889,3,0,0.0,18.0,lstm
2025-04-12 03:17:45,2.7222222222222223,3,0,0.0,18.0,lstm
2025-04-12 03:17:45,2.888888888888889,3,0,0.0,18.0,lstm
2025-04-12 03:17:45,3.111111111111111,4,0,0.0,18.0,lstm
2025-04-12 03:17:45,3.388888888888889,5,0,16.431872248649597,18.0,lstm
2025-04-12 03:17:45,3.6666666666666665,5,0,0.0,18.0,lstm
2025-04-12 03:17:45,3.9444444444444446,5,0,0.0,18.0,lstm
2025-04-12 03:17:45,4.0,6,0,0.0,19.0,lstm
2025-04-12 03:17:45,4.2631578947368425,5,0,0.0,19.0,lstm
2025-04-12 03:17:45,4.35,7,0,17.06000006198883,20.0,lstm
2025-04-12 03:17:46,4.65,6,0,0.0,20.0,lstm
2025-04-12 03:17:46,5.2105263157894735,6,0,0.0,19.0,lstm
2025-04-12 03:17:46,5.526315789473684,6,0,0.0,19.0,lstm
2025-04-12 03:17:46,5.55,7,0,0.0,20.0,lstm
2025-04-12 03:17:46,5.9,7,0,17.845038652420044,20.0,lstm
2025-04-12 03:17:46,6.3,8,0,0.0,20.0,lstm
2025-04-12 03:17:46,7.052631578947368,8,0,0.0,19.0,lstm
2025-04-12 03:17:46,7.368421052631579,8,0,0.0,19.0,lstm
2025-04-12 03:17:46,7.7894736842105265,8,0,0.0,19.0,lstm
2025-04-12 03:17:46,8.210526315789474,8,0,17.97323179244995,19.0,lstm
2025-04-12 03:17:46,9.11111111111111,8,0,0.0,18.0,lstm
2025-04-12 03:17:46,9.61111111111111,9,0,0.0,18.0,lstm
2025-04-12 03:17:46,9.578947368421053,10,0,0.0,19.0,lstm
2025-04-12 03:17:46,10.61111111111111,9,0,0.0,18.0,lstm
2025-04-12 03:17:46,11.823529411764707,10,0,17.158426880836487,17.0,lstm
2025-04-12 03:17:46,12.411764705882353,10,0,0.0,17.0,lstm
2025-04-12 03:17:46,13.0,10,0,0.0,17.0,lstm
2025-04-12 03:17:46,12.833333333333334,11,0,0.0,18.0,lstm
2025-04-12 03:17:46,13.444444444444445,11,0,0.0,18.0,lstm
2025-04-12 03:17:46,14.055555555555555,11,0,16.44373393058777,18.0,lstm
2025-04-12 03:17:46,14.666666666666666,11,0,0.0,18.0,lstm
2025-04-12 03:17:46,15.277777777777779,11,0,0.0,18.0,lstm
2025-04-12 03:17:46,15.88888888888889,12,0,0.0,18.0,lstm
2025-04-12 03:17:46,16.5,11,0,0.0,18.0,lstm
2025-04-12 03:17:46,17.11111111111111,11,0,16.513705849647522,18.0,lstm
2025-04-12 03:17:46,17.77777777777778,12,0,0.0,18.0,lstm
2025-04-12 03:17:46,18.444444444444443,12,0,0.0,18.0,lstm
2025-04-12 03:17:46,19.11111111111111,13,0,0.0,18.0,lstm
2025-04-12 03:17:46,15.5,11,0,0.0,18.0,lstm
2025-04-12 03:17:46,13.555555555555555,10,0,16.661917984485626,18.0,lstm
2025-04-12 03:17:46,12.0,9,0,0.0,18.0,lstm
2025-04-12 03:17:46,11.5,8,0,0.0,18.0,lstm
2025-04-12 03:17:46,11.5,7,0,0.0,18.0,lstm
2025-04-12 03:17:46,11.88888888888889,7,0,0.0,18.0,lstm
2025-04-12 03:17:46,12.277777777777779,7,0,17.538912296295166,18.0,lstm
2025-04-12 03:17:51,12.0,8,0,0.0,19.0,lstm
2025-04-12 03:17:51,12.368421052631579,7,0,0.0,19.0,lstm
2025-04-12 03:17:51,12.736842105263158,7,0,0.0,19.0,lstm
2025-04-12 03:17:51,13.105263157894736,7,0,0.0,19.0,lstm
2025-04-12 03:17:51,13.473684210526315,7,0,18.106114864349365,19.0,lstm
2025-04-12 03:17:52,13.894736842105264,8,0,0.0,19.0,lstm
2025-04-12 03:17:52,14.368421052631579,9,0,0.0,19.0,lstm
2025-04-12 03:17:52,14.842105263157896,9,0,0.0,19.0,lstm
2025-04-12 03:17:52,15.31578947368421,9,0,0.0,19.0,lstm
2025-04-12 03:17:52,15.789473684210526,9,0,18.463717699050903,19.0,lstm
2025-04-12 03:17:52,15.45,10,0,0.0,20.0,lstm
2025-04-12 03:17:52,15.142857142857142,10,0,0.0,21.0,lstm
2025-04-12 03:17:52,13.476190476190476,8,0,0.0,21.0,lstm
2025-04-12 03:17:52,11.857142857142858,7,0,0.0,21.0,lstm
2025-04-12 03:17:52,9.863636363636363,7,0,19.67098832130432,22.0,lstm
2025-04-12 03:17:52,10.619047619047619,6,0,0.0,21.0,lstm
2025-04-12 03:17:52,10.904761904761905,6,0,0.0,21.0,lstm
2025-04-12 03:17:52,11.19047619047619,6,0,0.0,21.0,lstm
2025-04-12 03:17:52,11.523809523809524,7,0,0.0,21.0,lstm
2025-04-12 03:17:52,11.857142857142858,7,0,20.44814109802246,21.0,lstm
2025-04-12 03:17:52,12.19047619047619,7,0,0.0,21.0,lstm
2025-04-12 03:17:52,12.523809523809524,7,0,0.0,21.0,lstm
2025-04-12 03:17:52,13.5,7,0,0.0,20.0,lstm
2025-04-12 03:17:52,13.85,7,0,0.0,20.0,lstm
2025-04-12 03:17:52,14.2,8,0,20.02535581588745,20.0,lstm
2025-04-12 03:17:52,13.857142857142858,8,0,0.0,21.0,lstm
2025-04-12 03:17:52,13.545454545454545,8,0,0.0,22.0,lstm
2025-04-12 03:17:52,13.863636363636363,7,0,0.0,22.0,lstm
2025-04-12 03:17:52,15.6,7,0,0.0,20.0,lstm
2025-04-12 03:17:52,15.95,7,0,20.122337341308594,20.0,lstm
2025-04-12 03:17:52,16.3,8,0,0.0,20.0,lstm
2025-04-12 03:17:52,13.0,6,0,0.0,20.0,lstm
2025-04-12 03:17:52,9.380952380952381,6,0,0.0,21.0,lstm
2025-04-12 03:17:52,7.190476190476191,4,0,0.0,21.0,lstm
2025-04-12 03:17:52,7.75,4,0,20.01512050628662,20.0,lstm
2025-04-12 03:17:53,8.368421052631579,4,0,0.0,19.0,lstm
2025-04-12 03:17:53,8.15,5,0,0.0,20.0,lstm
2025-04-12 03:17:53,8.0,6,0,0.0,21.0,lstm
2025-04-12 03:17:53,8.55,4,0,0.0,20.0,lstm
2025-04-12 03:17:53,8.75,4,0,19.59330677986145,20.0,lstm
2025-04-12 03:17:53,9.421052631578947,4,0,0.0,19.0,lstm
2025-04-12 03:17:53,9.631578947368421,4,0,0.0,19.0,lstm
2025-04-12 03:17:53,10.38888888888889,4,0,0.0,18.0,lstm
2025-04-12 03:17:53,10.666666666666666,5,0,0.0,18.0,lstm
2025-04-12 03:17:53,10.944444444444445,5,0,18.473294973373413,18.0,lstm
2025-04-12 03:17:53,11.882352941176471,5,0,0.0,17.0,lstm
2025-04-12 03:17:53,12.176470588235293,5,0,0.0,17.0,lstm
2025-04-12 03:17:53,7.5,4,0,0.0,16.0,lstm
2025-04-12 03:17:53,5.0,3,0,0.0,16.0,lstm
2025-04-12 03:17:53,5.1875,3,0,16.737911701202393,16.0,lstm
2025-04-12 03:17:53,5.375,3,0,0.0,16.0,lstm
2025-04-12 03:17:53,6.357142857142857,3,0,0.0,14.0,lstm
2025-04-12 03:17:53,6.642857142857143,4,0,0.0,14.0,lstm
2025-04-12 03:17:53,7.0,5,0,0.0,14.0,lstm
2025-04-12 03:17:53,6.866666666666666,6,0,15.131484270095825,15.0,lstm
2025-04-12 03:17:53,6.75,6,0,0.0,16.0,lstm
2025-04-12 03:17:53,6.647058823529412,6,0,0.0,17.0,lstm
2025-04-12 03:17:53,6.9411764705882355,5,0,0.0,17.0,lstm
2025-04-12 03:17:53,7.6875,5,0,0.0,16.0,lstm
2025-04-12 03:17:53,8.0625,6,0,15.537058115005493,16.0,lstm
2025-04-12 03:17:53,8.4375,6,0,0.0,16.0,lstm
2025-04-12 03:17:53,8.875,7,0,0.0,16.0,lstm
2025-04-12 03:17:53,9.3125,7,0,0.0,16.0,lstm
2025-04-12 03:17:53,9.176470588235293,8,0,0.0,17.0,lstm
2025-04-12 03:17:53,5.777777777777778,7,0,16.26797318458557,18.0,lstm
2025-04-12 03:17:54,5.388888888888889,5,0,0.0,18.0,lstm
2025-04-12 03:17:54,5.666666666666667,5,0,0.0,18.0,lstm
2025-04-12 03:17:54,6.0,6,0,0.0,18.0,lstm
2025-04-12 03:17:54,6.333333333333333,6,0,0.0,18.0,lstm
2025-04-12 03:17:54,6.315789473684211,7,0,17.236669063568115,19.0,lstm
2025-04-12 03:17:54,6.684210526315789,7,0,0.0,19.0,lstm
2025-04-12 03:17:54,7.052631578947368,7,0,0.0,19.0,lstm
2025-04-12 03:17:54,7.833333333333333,8,0,0.0,18.0,lstm
2025-04-12 03:17:54,7.7894736842105265,8,0,0.0,19.0,lstm
2025-04-12 03:17:54,8.157894736842104,7,0,18.081390857696533,19.0,lstm
2025-04-12 03:17:54,8.1,8,0,0.0,20.0,lstm
2025-04-12 03:17:54,8.894736842105264,7,0,0.0,19.0,lstm
2025-04-12 03:17:54,9.263157894736842,7,0,0.0,19.0,lstm
2025-04-12 03:17:54,10.764705882352942,7,0,0.0,17.0,lstm
2025-04-12 03:17:54,11.176470588235293,8,0,17.985892295837402,17.0,lstm
2025-04-12 03:17:54,11.588235294117647,7,0,0.0,17.0,lstm
2025-04-12 03:17:54,12.0,7,0,0.0,17.0,lstm
2025-04-12 03:17:54,12.470588235294118,8,0,0.0,17.0,lstm
2025-04-12 03:17:54,12.941176470588236,8,0,0.0,17.0,lstm
2025-04-12 03:17:54,13.411764705882353,8,0,17.05214023590088,17.0,lstm
2025-04-12 03:17:54,13.882352941176471,8,0,0.0,17.0,lstm
2025-04-12 03:17:54,14.411764705882353,9,0,0.0,17.0,lstm
2025-04-12 03:17:54,14.941176470588236,9,0,0.0,17.0,lstm
2025-04-12 03:17:54,15.470588235294118,9,0,0.0,17.0,lstm
2025-04-12 03:17:54,15.11111111111111,10,0,16.77367329597473,18.0,lstm
2025-04-12 03:17:54,16.529411764705884,9,0,0.0,17.0,lstm
2025-04-12 03:17:54,17.058823529411764,9,0,0.0,17.0,lstm
2025-04-12 03:17:54,17.58823529411765,9,0,0.0,17.0,lstm
2025-04-12 03:17:54,18.11764705882353,9,0,0.0,17.0,lstm
2025-04-12 03:17:54,18.647058823529413,9,0,16.72969698905945,17.0,lstm
2025-04-12 03:17:55,19.176470588235293,9,0,0.0,17.0,lstm
2025-04-12 03:17:55,19.705882352941178,10,0,0.0,17.0,lstm
2025-04-12 03:17:55,20.235294117647058,9,0,0.0,17.0,lstm
2025-04-12 03:17:55,20.764705882352942,9,0,0.0,17.0,lstm
2025-04-12 03:17:55,20.11111111111111,10,0,16.543257236480713,18.0,lstm
2025-04-12 03:18:00,20.61111111111111,9,0,0.0,18.0,lstm
2025-04-12 03:18:00,21.11111111111111,9,0,0.0,18.0,lstm
2025-04-12 03:18:00,20.473684210526315,10,0,0.0,19.0,lstm
2025-04-12 03:18:00,19.9,10,0,0.0,20.0,lstm
2025-04-12 03:18:00,16.05,9,0,17.946568250656128,20.0,lstm
2025-04-12 03:18:00,13.8,8,0,0.0,20.0,lstm
2025-04-12 03:18:00,11.8,8,0,0.0,20.0,lstm
2025-04-12 03:18:00,10.1,6,0,0.0,20.0,lstm
2025-04-12 03:18:00,8.45,5,0,0.0,20.0,lstm
2025-04-12 03:18:00,7.3,4,0,19.313375234603882,20.0,lstm
2025-04-12 03:18:00,7.947368421052632,5,0,0.0,19.0,lstm
2025-04-12 03:18:00,8.210526315789474,5,0,0.0,19.0,lstm
2025-04-12 03:18:00,8.31578947368421,4,0,0.0,19.0,lstm
2025-04-12 03:18:00,8.526315789473685,4,0,0.0,19.0,lstm
2025-04-12 03:18:00,8.736842105263158,4,0,18.90330219268799,19.0,lstm
2025-04-12 03:18:00,8.5,5,0,0.0,20.0,lstm
2025-04-12 03:18:00,8.285714285714286,5,0,0.0,21.0,lstm
2025-04-12 03:18:00,8.523809523809524,5,0,0.0,21.0,lstm
2025-04-12 03:18:00,8.761904761904763,5,0,0.0,21.0,lstm
2025-04-12 03:18:00,9.047619047619047,6,0,19.862142086029053,21.0,lstm
2025-04-12 03:18:01,9.333333333333334,6,0,0.0,21.0,lstm
2025-04-12 03:18:01,10.1,6,0,0.0,20.0,lstm
2025-04-12 03:18:01,10.4,7,0,0.0,20.0,lstm
2025-04-12 03:18:01,6.65,5,0,0.0,20.0,lstm
2025-04-12 03:18:01,6.9,5,0,20.117612600326538,20.0,lstm
2025-04-12 03:18:01,7.15,5,0,0.0,20.0,lstm
2025-04-12 03:18:01,7.4,5,0,0.0,20.0,lstm
2025-04-12 03:18:01,7.65,5,0,0.0,20.0,lstm
2025-04-12 03:18:01,7.95,6,0,0.0,20.0,lstm
2025-04-12 03:18:01,8.68421052631579,6,0,19.546598196029663,19.0,lstm
2025-04-12 03:18:01,8.55,7,0,0.0,20.0,lstm
2025-04-12 03:18:01,9.833333333333334,6,0,0.0,18.0,lstm
2025-04-12 03:18:01,10.222222222222221,7,0,0.0,18.0,lstm
2025-04-12 03:18:01,10.052631578947368,8,0,0.0,19.0,lstm
2025-04-12 03:18:01,10.421052631578947,7,0,18.641996383666992,19.0,lstm
2025-04-12 03:18:01,10.789473684210526,7,0,0.0,19.0,lstm
2025-04-12 03:18:01,11.157894736842104,7,0,0.0,19.0,lstm
2025-04-12 03:18:01,12.166666666666666,7,0,0.0,18.0,lstm
2025-04-12 03:18:01,12.555555555555555,7,0,0.0,18.0,lstm
2025-04-12 03:18:01,12.944444444444445,8,0,17.978047370910645,18.0,lstm
2025-04-12 03:18:01,12.631578947368421,8,0,0.0,19.0,lstm
2025-04-12 03:18:01,13.0,7,0,0.0,19.0,lstm
2025-04-12 03:18:01,10.421052631578947,7,0,0.0,19.0,lstm
2025-04-12 03:18:01,10.842105263157896,8,0,0.0,19.0,lstm
2025-04-12 03:18:01,11.263157894736842,8,0,18.269190549850464,19.0,lstm
2025-04-12 03:18:01,11.68421052631579,8,0,0.0,19.0,lstm
2025-04-12 03:18:01,12.105263157894736,8,0,0.0,19.0,lstm
2025-04-12 03:18:01,13.222222222222221,8,0,0.0,18.0,lstm
2025-04-12 03:18:01,13.722222222222221,9,0,0.0,18.0,lstm
2025-04-12 03:18:01,14.222222222222221,9,0,18.056169509887695,18.0,lstm
2025-04-12 03:18:02,14.722222222222221,9,0,0.0,18.0,lstm
2025-04-12 03:18:02,15.222222222222221,9,0,0.0,18.0,lstm
2025-04-12 03:18:02,14.894736842105264,10,0,0.0,19.0,lstm
2025-04-12 03:18:02,14.6,10,0,0.0,20.0,lstm
2025-04-12 03:18:02,15.05,9,0,18.32680654525757,20.0,lstm
2025-04-12 03:18:02,15.5,9,0,0.0,20.0,lstm
2025-04-12 03:18:02,15.19047619047619,10,0,0.0,21.0,lstm
2025-04-12 03:18:02,15.666666666666666,10,0,0.0,21.0,lstm
2025-04-12 03:18:02,11.476190476190476,9,0,0.0,21.0,lstm
2025-04-12 03:18:02,9.952380952380953,9,0,19.92875623703003,21.0,lstm
2025-04-12 03:18:02,8.952380952380953,7,0,0.0,21.0,lstm
2025-04-12 03:18:02,8.333333333333334,6,0,0.0,21.0,lstm
2025-04-12 03:18:02,8.3,5,0,0.0,20.0,lstm
2025-04-12 03:18:02,8.25,5,0,0.0,20.0,lstm
2025-04-12 03:18:02,8.5,5,0,20.2629337310791,20.0,lstm
2025-04-12 03:18:02,8.6,5,0,0.0,20.0,lstm
2025-04-12 03:18:02,8.380952380952381,5,0,0.0,21.0,lstm
2025-04-12 03:18:02,8.181818181818182,5,0,0.0,22.0,lstm
2025-04-12 03:18:02,8.363636363636363,4,0,0.0,22.0,lstm
2025-04-12 03:18:02,8.590909090909092,5,0,20.882951498031616,22.0,lstm
2025-04-12 03:18:02,9.238095238095237,5,0,0.0,21.0,lstm
2025-04-12 03:18:02,9.95,5,0,0.0,20.0,lstm
2025-04-12 03:18:02,10.2,5,0,0.0,20.0,lstm
2025-04-12 03:18:02,10.5,6,0,0.0,20.0,lstm
2025-04-12 03:18:02,7.3,6,0,20.39474058151245,20.0,lstm
2025-04-12 03:18:02,4.65,5,0,0.0,20.0,lstm
2025-04-12 03:18:02,2.45,4,0,0.0,20.0,lstm
2025-04-12 03:18:02,0.95,4,0,0.0,20.0,lstm
2025-04-12 03:18:02,1.2,5,0,0.0,20.0,lstm
2025-04-12 03:18:02,1.5263157894736843,5,0,19.546598196029663,19.0,lstm
2025-04-12 03:18:02,1.7894736842105263,5,0,0.0,19.0,lstm
2025-04-12 03:18:02,2.1052631578947367,6,0,0.0,19.0,lstm
2025-04-12 03:18:02,2.5555555555555554,6,0,0.0,18.0,lstm
2025-04-12 03:18:02,3.0588235294117645,6,0,0.0,17.0,lstm
2025-04-12 03:18:02,3.8666666666666667,6,0,17.66305422782898,15.0,lstm
2025-04-12 03:18:03,4.333333333333333,7,0,0.0,15.0,lstm
2025-04-12 03:18:03,4.8,7,0,0.0,15.0,lstm
2025-04-12 03:18:03,5.266666666666667,7,0,0.0,15.0,lstm
2025-04-12 03:18:03,5.733333333333333,7,0,0.0,15.0,lstm
2025-04-12 03:18:03,6.2,7,0,15.051420211791992,15.0,lstm
2025-04-12 03:18:03,6.666666666666667,7,0,0.0,15.0,lstm
2025-04-12 03:18:03,6.6875,8,0,0.0,16.0,lstm
2025-04-12 03:18:03,7.125,8,0,0.0,16.0,lstm
2025-04-12 03:18:03,8.066666666666666,7,0,0.0,15.0,lstm
2025-04-12 03:18:03,8.533333333333333,7,0,14.62729263305664,15.0,lstm
2025-04-12 03:18:03,9.0,7,0,0.0,15.0,lstm
2025-04-12 03:18:03,9.466666666666667,7,0,0.0,15.0,lstm
2025-04-12 03:18:03,9.933333333333334,7,0,0.0,15.0,lstm
2025-04-12 03:18:03,11.142857142857142,7,0,0.0,14.0,lstm
2025-04-12 03:18:03,11.642857142857142,7,0,14.750590443611145,14.0,lstm
2025-04-12 03:18:08,12.142857142857142,7,0,0.0,14.0,lstm
2025-04-12 03:18:08,12.642857142857142,7,0,0.0,14.0,lstm
2025-04-12 03:18:08,13.142857142857142,7,0,0.0,14.0,lstm
2025-04-12 03:18:08,12.733333333333333,8,0,0.0,15.0,lstm
2025-04-12 03:18:08,12.4375,9,0,14.402405619621277,16.0,lstm
2025-04-12 03:18:08,12.235294117647058,10,0,0.0,17.0,lstm
2025-04-12 03:18:08,12.764705882352942,9,0,0.0,17.0,lstm
2025-04-12 03:18:08,13.352941176470589,10,0,0.0,17.0,lstm
2025-04-12 03:18:08,13.941176470588236,10,0,0.0,17.0,lstm
2025-04-12 03:18:08,14.529411764705882,10,0,15.779979705810547,17.0,lstm
2025-04-12 03:18:08,15.117647058823529,10,0,0.0,17.0,lstm
2025-04-12 03:18:08,15.705882352941176,10,0,0.0,17.0,lstm
2025-04-12 03:18:08,13.705882352941176,9,0,0.0,17.0,lstm
2025-04-12 03:18:08,11.882352941176471,8,0,0.0,17.0,lstm
2025-04-12 03:18:08,9.555555555555555,8,0,16.859142065048218,18.0,lstm
2025-04-12 03:18:08,7.421052631578948,7,0,0.0,19.0,lstm
2025-04-12 03:18:08,5.894736842105263,6,0,0.0,19.0,lstm
2025-04-12 03:18:08,4.473684210526316,5,0,0.0,19.0,lstm
2025-04-12 03:18:08,4.7368421052631575,5,0,0.0,19.0,lstm
2025-04-12 03:18:08,4.75,6,0,18.11874222755432,20.0,lstm
2025-04-12 03:18:08,4.2,5,0,0.0,20.0,lstm
2025-04-12 03:18:08,4.578947368421052,4,0,0.0,19.0,lstm
2025-04-12 03:18:08,4.7894736842105265,4,0,0.0,19.0,lstm
2025-04-12 03:18:08,5.277777777777778,4,0,0.0,18.0,lstm
2025-04-12 03:18:08,5.5,4,0,18.802233576774597,18.0,lstm
2025-04-12 03:18:09,5.722222222222222,4,0,0.0,18.0,lstm
2025-04-12 03:18:09,6.294117647058823,4,0,0.0,17.0,lstm
2025-04-12 03:18:09,6.529411764705882,5,0,0.0,17.0,lstm
2025-04-12 03:18:09,6.764705882352941,4,0,0.0,17.0,lstm
2025-04-12 03:18:09,6.611111111111111,5,0,17.72552466392517,18.0,lstm
2025-04-12 03:18:09,6.833333333333333,4,0,0.0,18.0,lstm
2025-04-12 03:18:09,7.470588235294118,5,0,0.0,17.0,lstm
2025-04-12 03:18:09,7.705882352941177,4,0,0.0,17.0,lstm
2025-04-12 03:18:09,7.5,5,0,0.0,18.0,lstm
2025-04-12 03:18:09,7.722222222222222,4,0,17.264317393302917,18.0,lstm
2025-04-12 03:18:09,8.411764705882353,4,0,0.0,17.0,lstm
2025-04-12 03:18:09,8.647058823529411,4,0,0.0,17.0,lstm
2025-04-12 03:18:09,8.882352941176471,4,0,0.0,17.0,lstm
2025-04-12 03:18:09,9.6875,4,0,0.0,16.0,lstm
2025-04-12 03:18:09,9.9375,4,0,16.784897446632385,16.0,lstm
2025-04-12 03:18:09,10.1875,4,0,0.0,16.0,lstm
2025-04-12 03:18:09,10.4375,4,0,0.0,16.0,lstm
2025-04-12 03:18:09,11.4,4,0,0.0,15.0,lstm
2025-04-12 03:18:09,11.666666666666666,4,0,0.0,15.0,lstm
2025-04-12 03:18:09,12.785714285714286,4,0,15.545108437538147,14.0,lstm
2025-04-12 03:18:09,14.076923076923077,4,0,0.0,13.0,lstm
2025-04-12 03:18:09,14.461538461538462,5,0,0.0,13.0,lstm
2025-04-12 03:18:09,14.846153846153847,5,0,0.0,13.0,lstm
2025-04-12 03:18:09,16.5,5,0,0.0,12.0,lstm
2025-04-12 03:18:09,16.916666666666668,5,0,13.568193197250366,12.0,lstm
2025-04-12 03:18:09,17.333333333333332,5,0,0.0,12.0,lstm
2025-04-12 03:18:09,17.75,5,0,0.0,12.0,lstm
2025-04-12 03:18:09,16.76923076923077,6,0,0.0,13.0,lstm
2025-04-12 03:18:09,18.583333333333332,5,0,0.0,12.0,lstm
2025-04-12 03:18:09,19.0,5,0,12.384950160980225,12.0,lstm
2025-04-12 03:18:09,19.416666666666668,5,0,0.0,12.0,lstm
2025-04-12 03:18:09,21.636363636363637,5,0,0.0,11.0,lstm
2025-04-12 03:18:09,22.09090909090909,5,0,0.0,11.0,lstm
2025-04-12 03:18:09,22.636363636363637,6,0,0.0,11.0,lstm
2025-04-12 03:18:09,23.181818181818183,6,0,11.761534810066223,11.0,lstm
2025-04-12 03:18:10,21.833333333333332,8,0,0.0,12.0,lstm
2025-04-12 03:18:10,22.416666666666668,7,0,0.0,12.0,lstm
2025-04-12 03:18:10,23.0,7,0,0.0,12.0,lstm
2025-04-12 03:18:10,23.583333333333332,7,0,0.0,12.0,lstm
2025-04-12 03:18:10,22.384615384615383,9,0,11.889790654182434,13.0,lstm
2025-04-12 03:18:10,23.076923076923077,9,0,0.0,13.0,lstm
2025-04-12 03:18:10,22.071428571428573,10,0,0.0,14.0,lstm
2025-04-12 03:18:10,21.2,10,0,0.0,15.0,lstm
2025-04-12 03:18:10,21.8,9,0,0.0,15.0,lstm
2025-04-12 03:18:10,22.4,9,0,13.40500819683075,15.0,lstm
2025-04-12 03:18:10,23.0,9,0,0.0,15.0,lstm
2025-04-12 03:18:10,17.0,8,0,0.0,15.0,lstm
2025-04-12 03:18:10,17.533333333333335,8,0,0.0,15.0,lstm
2025-04-12 03:18:10,16.9375,9,0,0.0,16.0,lstm
2025-04-12 03:18:10,16.41176470588235,9,0,14.927439212799072,17.0,lstm
2025-04-12 03:18:10,17.9375,8,0,0.0,16.0,lstm
2025-04-12 03:18:10,18.4375,8,0,0.0,16.0,lstm
2025-04-12 03:18:10,20.2,8,0,0.0,15.0,lstm
2025-04-12 03:18:10,20.733333333333334,8,0,0.0,15.0,lstm
2025-04-12 03:18:10,19.9375,9,0,15.422749519348145,16.0,lstm
2025-04-12 03:18:10,20.4375,8,0,0.0,16.0,lstm
2025-04-12 03:18:10,20.9375,8,0,0.0,16.0,lstm
2025-04-12 03:18:10,20.176470588235293,9,0,0.0,17.0,lstm
2025-04-12 03:18:10,20.705882352941178,9,0,0.0,17.0,lstm
2025-04-12 03:18:10,21.235294117647058,9,0,15.934302926063538,17.0,lstm
2025-04-12 03:18:10,21.764705882352942,9,0,0.0,17.0,lstm
2025-04-12 03:18:10,22.294117647058822,9,0,0.0,17.0,lstm
2025-04-12 03:18:10,17.941176470588236,8,0,0.0,17.0,lstm
2025-04-12 03:18:10,12.833333333333334,8,0,0.0,18.0,lstm
2025-04-12 03:18:10,9.11111111111111,6,0,16.82339859008789,18.0,lstm
2025-04-12 03:18:10,7.611111111111111,6,0,0.0,18.0,lstm
2025-04-12 03:18:10,6.333333333333333,4,0,0.0,18.0,lstm
2025-04-12 03:18:10,6.555555555555555,5,0,0.0,18.0,lstm
2025-04-12 03:18:10,6.777777777777778,4,0,0.0,18.0,lstm
2025-04-12 03:18:10,6.631578947368421,5,0,17.629372119903564,19.0,lstm
2025-04-12 03:18:11,7.222222222222222,4,0,0.0,18.0,lstm
2025-04-12 03:18:11,7.444444444444445,4,0,0.0,18.0,lstm
2025-04-12 03:18:11,7.666666666666667,4,0,0.0,18.0,lstm
2025-04-12 03:18:11,7.944444444444445,5,0,0.0,18.0,lstm
2025-04-12 03:18:11,8.705882352941176,5,0,18.133982181549072,17.0,lstm
2025-04-12 03:18:16,9.0,5,0,0.0,17.0,lstm
2025-04-12 03:18:16,9.294117647058824,5,0,0.0,17.0,lstm
2025-04-12 03:18:16,9.588235294117647,5,0,0.0,17.0,lstm
2025-04-12 03:18:16,9.882352941176471,6,0,0.0,17.0,lstm
2025-04-12 03:18:16,10.176470588235293,5,0,17.45461618900299,17.0,lstm
2025-04-12 03:18:16,10.470588235294118,5,0,0.0,17.0,lstm
2025-04-12 03:18:16,10.764705882352942,6,0,0.0,17.0,lstm
2025-04-12 03:18:16,11.117647058823529,6,0,0.0,17.0,lstm
2025-04-12 03:18:16,11.470588235294118,6,0,0.0,17.0,lstm
2025-04-12 03:18:16,11.823529411764707,6,0,17.153125524520874,17.0,lstm
2025-04-12 03:18:16,12.176470588235293,6,0,0.0,17.0,lstm
2025-04-12 03:18:16,11.833333333333334,7,0,0.0,18.0,lstm
2025-04-12 03:18:16,12.882352941176471,6,0,0.0,17.0,lstm
2025-04-12 03:18:16,12.5,7,0,0.0,18.0,lstm
2025-04-12 03:18:16,12.88888888888889,7,0,17.47340714931488,18.0,lstm
2025-04-12 03:18:16,14.058823529411764,7,0,0.0,17.0,lstm
2025-04-12 03:18:16,15.4375,9,0,0.0,16.0,lstm
2025-04-12 03:18:16,15.0,9,0,0.0,17.0,lstm
2025-04-12 03:18:16,15.529411764705882,9,0,0.0,17.0,lstm
2025-04-12 03:18:16,16.058823529411764,9,0,17.29772937297821,17.0,lstm
2025-04-12 03:18:16,16.58823529411765,9,0,0.0,17.0,lstm
2025-04-12 03:18:16,17.11764705882353,9,0,0.0,17.0,lstm
2025-04-12 03:18:16,17.647058823529413,9,0,0.0,17.0,lstm
2025-04-12 03:18:16,18.176470588235293,9,0,0.0,17.0,lstm
2025-04-12 03:18:16,18.705882352941178,9,0,17.078581929206848,17.0,lstm
2025-04-12 03:18:16,13.777777777777779,10,0,0.0,18.0,lstm
2025-04-12 03:18:16,10.555555555555555,8,0,0.0,18.0,lstm
2025-04-12 03:18:16,7.9411764705882355,7,0,0.0,17.0,lstm
2025-04-12 03:18:16,6.529411764705882,6,0,0.0,17.0,lstm
2025-04-12 03:18:16,5.9411764705882355,6,0,17.392005443572998,17.0,lstm
2025-04-12 03:18:17,6.235294117647059,5,0,0.0,17.0,lstm
2025-04-12 03:18:17,6.529411764705882,5,0,0.0,17.0,lstm
2025-04-12 03:18:17,6.444444444444445,6,0,0.0,18.0,lstm
2025-04-12 03:18:17,6.722222222222222,5,0,0.0,18.0,lstm
2025-04-12 03:18:17,6.631578947368421,6,0,17.71096134185791,19.0,lstm
2025-04-12 03:18:17,6.894736842105263,5,0,0.0,19.0,lstm
2025-04-12 03:18:17,7.555555555555555,5,0,0.0,18.0,lstm
2025-04-12 03:18:17,7.833333333333333,5,0,0.0,18.0,lstm
2025-04-12 03:18:17,8.11111111111111,5,0,0.0,18.0,lstm
2025-04-12 03:18:17,8.38888888888889,5,0,18.19814419746399,18.0,lstm
2025-04-12 03:18:17,8.666666666666666,5,0,0.0,18.0,lstm
2025-04-12 03:18:17,8.473684210526315,6,0,0.0,19.0,lstm
2025-04-12 03:18:17,8.736842105263158,5,0,0.0,19.0,lstm
2025-04-12 03:18:17,9.0,5,0,0.0,19.0,lstm
2025-04-12 03:18:17,10.352941176470589,5,0,18.455252528190613,17.0,lstm
2025-04-12 03:18:17,7.375,4,0,0.0,16.0,lstm
2025-04-12 03:18:17,5.6875,3,0,0.0,16.0,lstm
2025-04-12 03:18:17,5.875,3,0,0.0,16.0,lstm
2025-04-12 03:18:17,6.0625,3,0,0.0,16.0,lstm
2025-04-12 03:18:17,6.25,3,0,17.131444454193115,16.0,lstm
2025-04-12 03:18:17,6.4375,3,0,0.0,16.0,lstm
2025-04-12 03:18:17,6.625,3,0,0.0,16.0,lstm
2025-04-12 03:18:17,6.875,5,0,0.0,16.0,lstm
2025-04-12 03:18:17,7.125,4,0,0.0,16.0,lstm
2025-04-12 03:18:17,7.4375,5,0,16.206421732902527,16.0,lstm
2025-04-12 03:18:17,7.8125,6,0,0.0,16.0,lstm
2025-04-12 03:18:17,7.705882352941177,7,0,0.0,17.0,lstm
2025-04-12 03:18:17,8.058823529411764,6,0,0.0,17.0,lstm
2025-04-12 03:18:17,8.411764705882353,6,0,0.0,17.0,lstm
2025-04-12 03:18:17,9.3125,6,0,16.533682107925415,16.0,lstm
2025-04-12 03:18:17,9.6875,6,0,0.0,16.0,lstm
2025-04-12 03:18:17,10.0625,7,0,0.0,16.0,lstm
2025-04-12 03:18:17,9.882352941176471,8,0,0.0,17.0,lstm
2025-04-12 03:18:17,10.294117647058824,7,0,0.0,17.0,lstm
2025-04-12 03:18:17,10.058823529411764,6,0,16.734264135360718,17.0,lstm
2025-04-12 03:18:18,10.235294117647058,6,0,0.0,17.0,lstm
2025-04-12 03:18:18,10.588235294117647,6,0,0.0,17.0,lstm
2025-04-12 03:18:18,10.333333333333334,7,0,0.0,18.0,lstm
2025-04-12 03:18:18,10.666666666666666,6,0,0.0,18.0,lstm
2025-04-12 03:18:18,11.0,6,0,17.322375297546387,18.0,lstm
2025-04-12 03:18:18,12.75,6,0,0.0,16.0,lstm
2025-04-12 03:18:18,14.0,6,0,0.0,15.0,lstm
2025-04-12 03:18:18,13.5,7,0,0.0,16.0,lstm
2025-04-12 03:18:18,13.875,7,0,0.0,16.0,lstm
2025-04-12 03:18:18,14.25,6,0,16.748792052268982,16.0,lstm
2025-04-12 03:18:18,14.625,6,0,0.0,16.0,lstm
2025-04-12 03:18:18,16.0,6,0,0.0,15.0,lstm
2025-04-12 03:18:18,16.4,6,0,0.0,15.0,lstm
2025-04-12 03:18:18,15.75,7,0,0.0,16.0,lstm
2025-04-12 03:18:18,15.176470588235293,7,0,16.010591864585876,17.0,lstm
2025-04-12 03:18:18,14.0,5,0,0.0,17.0,lstm
2025-04-12 03:18:18,12.555555555555555,5,0,0.0,18.0,lstm
2025-04-12 03:18:18,12.777777777777779,4,0,0.0,18.0,lstm
2025-04-12 03:18:18,12.31578947368421,5,0,0.0,19.0,lstm
2025-04-12 03:18:18,12.526315789473685,4,0,17.336416721343994,19.0,lstm
2025-04-12 03:18:18,12.736842105263158,4,0,0.0,19.0,lstm
2025-04-12 03:18:18,13.052631578947368,7,0,0.0,19.0,lstm
2025-04-12 03:18:18,13.368421052631579,6,0,0.0,19.0,lstm
2025-04-12 03:18:18,13.68421052631579,7,0,0.0,19.0,lstm
2025-04-12 03:18:18,14.0,6,0,18.818488478660583,19.0,lstm
2025-04-12 03:18:18,14.31578947368421,6,0,0.0,19.0,lstm
2025-04-12 03:18:18,16.352941176470587,6,0,0.0,17.0,lstm
2025-04-12 03:18:18,16.705882352941178,6,0,0.0,17.0,lstm
2025-04-12 03:18:18,17.058823529411764,6,0,0.0,17.0,lstm
2025-04-12 03:18:18,17.41176470588235,6,0,18.24696660041809,17.0,lstm
2025-04-12 03:18:19,20.133333333333333,6,0,0.0,15.0,lstm
2025-04-12 03:18:19,14.533333333333333,5,0,0.0,15.0,lstm
2025-04-12 03:18:19,8.9375,5,0,0.0,16.0,lstm
2025-04-12 03:18:19,4.5625,3,0,0.0,16.0,lstm
2025-04-12 03:18:19,1.75,2,0,15.9168062210083,16.0,lstm
2025-04-12 03:18:24,0.9375,1,0,0.0,16.0,lstm
2025-04-12 03:18:24,1.0,1,0,0.0,16.0,lstm
2025-04-12 03:18:24,1.0,2,0,0.0,17.0,lstm
2025-04-12 03:18:24,1.2,1,0,0.0,15.0,lstm
2025-04-12 03:18:24,1.3571428571428572,1,0,15.560475587844849,14.0,lstm
2025-04-12 03:18:24,1.25,3,0,0.0,16.0,lstm
2025-04-12 03:18:24,1.3125,1,0,0.0,16.0,lstm
2025-04-12 03:18:24,1.375,1,0,0.0,16.0,lstm
2025-04-12 03:18:24,1.4375,1,0,0.0,16.0,lstm
2025-04-12 03:18:24,1.5,2,0,15.769426345825195,16.0,lstm
2025-04-12 03:18:24,1.6666666666666667,1,0,0.0,15.0,lstm
2025-04-12 03:18:24,1.7333333333333334,2,0,0.0,15.0,lstm
2025-04-12 03:18:24,1.8,1,0,0.0,15.0,lstm
2025-04-12 03:18:24,2.0,1,0,0.0,14.0,lstm
2025-04-12 03:18:24,2.0714285714285716,1,0,14.898388624191284,14.0,lstm
2025-04-12 03:18:24,2.142857142857143,1,0,0.0,14.0,lstm
2025-04-12 03:18:24,2.2857142857142856,2,0,0.0,14.0,lstm
2025-04-12 03:18:24,2.2666666666666666,3,0,0.0,15.0,lstm
2025-04-12 03:18:24,2.4,3,0,0.0,15.0,lstm
2025-04-12 03:18:24,2.533333333333333,2,0,14.662171959877014,15.0,lstm
2025-04-12 03:18:24,2.857142857142857,2,0,0.0,14.0,lstm
2025-04-12 03:18:24,3.0,2,0,0.0,14.0,lstm
2025-04-12 03:18:24,2.933333333333333,3,0,0.0,15.0,lstm
2025-04-12 03:18:24,3.066666666666667,2,0,0.0,15.0,lstm
2025-04-12 03:18:24,3.2,2,0,14.747925877571106,15.0,lstm
2025-04-12 03:18:24,3.3333333333333335,2,0,0.0,15.0,lstm
2025-04-12 03:18:24,3.466666666666667,2,0,0.0,15.0,lstm
2025-04-12 03:18:25,3.6666666666666665,3,0,0.0,15.0,lstm
2025-04-12 03:18:25,3.8666666666666667,3,0,0.0,15.0,lstm
2025-04-12 03:18:25,4.066666666666666,3,0,14.99934446811676,15.0,lstm
2025-04-12 03:18:25,4.571428571428571,3,0,0.0,14.0,lstm
2025-04-12 03:18:25,4.785714285714286,3,0,0.0,14.0,lstm
2025-04-12 03:18:25,5.071428571428571,4,0,0.0,14.0,lstm
2025-04-12 03:18:25,5.0,5,0,0.0,15.0,lstm
2025-04-12 03:18:25,5.266666666666667,4,0,14.640728235244751,15.0,lstm
2025-04-12 03:18:25,5.928571428571429,4,0,0.0,14.0,lstm
2025-04-12 03:18:25,2.5714285714285716,3,0,0.0,14.0,lstm
2025-04-12 03:18:25,2.357142857142857,3,0,0.0,14.0,lstm
2025-04-12 03:18:25,2.6923076923076925,2,0,0.0,13.0,lstm
2025-04-12 03:18:25,3.0833333333333335,2,0,13.771991848945618,12.0,lstm
2025-04-12 03:18:25,3.25,2,0,0.0,12.0,lstm
2025-04-12 03:18:25,3.5,3,0,0.0,12.0,lstm
2025-04-12 03:18:25,4.090909090909091,3,0,0.0,11.0,lstm
2025-04-12 03:18:25,4.363636363636363,3,0,0.0,11.0,lstm
2025-04-12 03:18:25,4.7272727272727275,5,0,11.963370442390442,11.0,lstm
2025-04-12 03:18:25,5.6,4,0,0.0,10.0,lstm
2025-04-12 03:18:25,6.0,4,0,0.0,10.0,lstm
2025-04-12 03:18:25,6.4,4,0,0.0,10.0,lstm
2025-04-12 03:18:25,6.8,4,0,0.0,10.0,lstm
2025-04-12 03:18:25,7.2,4,0,10.62081927061081,10.0,lstm
2025-04-12 03:18:25,6.909090909090909,5,0,0.0,11.0,lstm
2025-04-12 03:18:25,7.2727272727272725,4,0,0.0,11.0,lstm
2025-04-12 03:18:25,7.7272727272727275,5,0,0.0,11.0,lstm
2025-04-12 03:18:25,8.181818181818182,5,0,0.0,11.0,lstm
2025-04-12 03:18:25,8.636363636363637,5,0,11.03884470462799,11.0,lstm
2025-04-12 03:18:25,7.7272727272727275,4,0,0.0,11.0,lstm
2025-04-12 03:18:25,7.416666666666667,5,0,0.0,12.0,lstm
2025-04-12 03:18:25,8.454545454545455,4,0,0.0,11.0,lstm
2025-04-12 03:18:25,9.7,4,0,0.0,10.0,lstm
2025-04-12 03:18:25,11.222222222222221,4,0,10.963630378246307,9.0,lstm
2025-04-12 03:18:25,10.5,5,0,0.0,10.0,lstm
2025-04-12 03:18:25,10.9,4,0,0.0,10.0,lstm
2025-04-12 03:18:25,11.3,4,0,0.0,10.0,lstm
2025-04-12 03:18:25,10.727272727272727,6,0,0.0,11.0,lstm
2025-04-12 03:18:25,11.181818181818182,5,0,10.642186284065247,11.0,lstm
2025-04-12 03:18:26,11.636363636363637,5,0,0.0,11.0,lstm
2025-04-12 03:18:26,11.083333333333334,6,0,0.0,12.0,lstm
2025-04-12 03:18:26,10.615384615384615,6,0,0.0,13.0,lstm
2025-04-12 03:18:26,11.0,5,0,0.0,13.0,lstm
2025-04-12 03:18:26,12.333333333333334,5,0,12.1105877161026,12.0,lstm
2025-04-12 03:18:26,12.75,5,0,0.0,12.0,lstm
2025-04-12 03:18:26,13.166666666666666,5,0,0.0,12.0,lstm
2025-04-12 03:18:26,13.666666666666666,6,0,0.0,12.0,lstm
2025-04-12 03:18:26,14.25,7,0,0.0,12.0,lstm
2025-04-12 03:18:26,9.916666666666666,6,0,12.318322896957397,12.0,lstm
2025-04-12 03:18:26,10.416666666666666,6,0,0.0,12.0,lstm
2025-04-12 03:18:26,10.916666666666666,6,0,0.0,12.0,lstm
2025-04-12 03:18:26,11.416666666666666,6,0,0.0,12.0,lstm
2025-04-12 03:18:26,11.916666666666666,6,0,0.0,12.0,lstm
2025-04-12 03:18:26,12.416666666666666,6,0,12.253105282783508,12.0,lstm
2025-04-12 03:18:26,12.916666666666666,6,0,0.0,12.0,lstm
2025-04-12 03:18:26,13.416666666666666,6,0,0.0,12.0,lstm
2025-04-12 03:18:26,13.916666666666666,6,0,0.0,12.0,lstm
2025-04-12 03:18:26,14.416666666666666,6,0,0.0,12.0,lstm
2025-04-12 03:18:26,14.916666666666666,6,0,12.253105282783508,12.0,lstm
2025-04-12 03:18:26,15.416666666666666,6,0,0.0,12.0,lstm
2025-04-12 03:18:26,15.916666666666666,6,0,0.0,12.0,lstm
2025-04-12 03:18:26,16.416666666666668,6,0,0.0,12.0,lstm
2025-04-12 03:18:26,16.916666666666668,6,0,0.0,12.0,lstm
2025-04-12 03:18:26,16.076923076923077,7,0,12.410972952842712,13.0,lstm
2025-04-12 03:18:26,11.615384615384615,5,0,0.0,13.0,lstm
2025-04-12 03:18:26,9.76923076923077,4,0,0.0,13.0,lstm
2025-04-12 03:18:26,10.076923076923077,4,0,0.0,13.0,lstm
2025-04-12 03:18:26,9.642857142857142,5,0,0.0,14.0,lstm
2025-04-12 03:18:26,9.928571428571429,4,0,13.39381229877472,14.0,lstm
2025-04-12 03:18:26,10.214285714285714,4,0,0.0,14.0,lstm
2025-04-12 03:18:26,9.8,5,0,0.0,15.0,lstm
2025-04-12 03:18:26,10.133333333333333,5,0,0.0,15.0,lstm
2025-04-12 03:18:26,10.466666666666667,5,0,0.0,15.0,lstm
2025-04-12 03:18:26,10.125,6,0,5.024836540222168,16.0,lstm
2025-04-12 03:18:32,9.823529411764707,6,0,0.0,17.0,lstm
2025-04-12 03:18:32,10.75,5,0,0.0,16.0,lstm
2025-04-12 03:18:32,11.8,5,0,0.0,15.0,lstm
2025-04-12 03:18:32,12.133333333333333,5,0,0.0,15.0,lstm
2025-04-12 03:18:32,11.6875,6,0,5.024836540222168,16.0,lstm
2025-04-12 03:18:32,12.0,5,0,0.0,16.0,lstm
2025-04-12 03:18:32,7.9411764705882355,6,0,0.0,17.0,lstm
2025-04-12 03:18:32,5.0,5,0,0.0,17.0,lstm
2025-04-12 03:18:32,5.117647058823529,4,0,0.0,17.0,lstm
2025-04-12 03:18:32,5.111111111111111,6,0,5.024836540222168,18.0,lstm
2025-04-12 03:18:32,5.388888888888889,5,0,0.0,18.0,lstm
2025-04-12 03:18:32,5.666666666666667,5,0,0.0,18.0,lstm
2025-04-12 03:18:32,5.722222222222222,5,0,0.0,18.0,lstm
2025-04-12 03:18:32,5.944444444444445,4,0,0.0,18.0,lstm
2025-04-12 03:18:32,5.894736842105263,6,0,5.024836540222168,19.0,lstm
2025-04-12 03:18:32,6.157894736842105,5,0,0.0,19.0,lstm
2025-04-12 03:18:32,6.777777777777778,5,0,0.0,18.0,lstm
2025-04-12 03:18:32,7.055555555555555,5,0,0.0,18.0,lstm
2025-04-12 03:18:32,7.333333333333333,5,0,0.0,18.0,lstm
2025-04-12 03:18:32,7.2631578947368425,7,0,5.024836540222168,19.0,lstm
2025-04-12 03:18:32,7.2,7,0,0.0,20.0,lstm
2025-04-12 03:18:32,7.894736842105263,6,0,0.0,19.0,lstm
2025-04-12 03:18:32,8.210526315789474,6,0,0.0,19.0,lstm
2025-04-12 03:18:32,8.526315789473685,7,0,0.0,19.0,lstm
2025-04-12 03:18:32,8.894736842105264,7,0,5.024836540222168,19.0,lstm
2025-04-12 03:18:32,9.263157894736842,8,0,0.0,19.0,lstm
2025-04-12 03:18:32,9.631578947368421,7,0,0.0,19.0,lstm
2025-04-12 03:18:33,10.0,7,0,0.0,19.0,lstm
2025-04-12 03:18:33,10.944444444444445,7,0,0.0,18.0,lstm
2025-04-12 03:18:33,10.736842105263158,8,0,5.024836540222168,19.0,lstm
2025-04-12 03:18:33,11.105263157894736,7,0,0.0,19.0,lstm
2025-04-12 03:18:33,11.473684210526315,7,0,0.0,19.0,lstm
2025-04-12 03:18:33,11.842105263157896,7,0,0.0,19.0,lstm
2025-04-12 03:18:33,12.210526315789474,7,0,0.0,19.0,lstm
2025-04-12 03:18:33,12.578947368421053,7,0,5.024836540222168,19.0,lstm
2025-04-12 03:18:33,13.666666666666666,7,0,0.0,18.0,lstm
2025-04-12 03:18:33,14.055555555555555,8,0,0.0,18.0,lstm
2025-04-12 03:18:33,14.444444444444445,7,0,0.0,18.0,lstm
2025-04-12 03:18:33,14.833333333333334,7,0,0.0,18.0,lstm
2025-04-12 03:18:33,15.222222222222221,7,0,5.024836540222168,18.0,lstm
2025-04-12 03:18:33,15.61111111111111,7,0,0.0,18.0,lstm
2025-04-12 03:18:33,16.0,7,0,0.0,18.0,lstm
2025-04-12 03:18:33,15.578947368421053,9,0,0.0,19.0,lstm
2025-04-12 03:18:33,15.2,9,0,0.0,20.0,lstm
2025-04-12 03:18:33,11.95,7,0,5.024836540222168,20.0,lstm
2025-04-12 03:18:33,8.285714285714286,8,0,0.0,21.0,lstm
2025-04-12 03:18:33,6.238095238095238,6,0,0.0,21.0,lstm
2025-04-12 03:18:33,4.409090909090909,7,0,0.0,22.0,lstm
2025-04-12 03:18:33,3.090909090909091,5,0,0.0,22.0,lstm
2025-04-12 03:18:33,1.9090909090909092,5,0,5.024836540222168,22.0,lstm
2025-04-12 03:18:33,2.1904761904761907,4,0,0.0,21.0,lstm
2025-04-12 03:18:33,1.0476190476190477,3,0,0.0,21.0,lstm
2025-04-12 03:18:33,0.7272727272727273,5,0,0.0,22.0,lstm
2025-04-12 03:18:33,0.5238095238095238,3,0,0.0,21.0,lstm
2025-04-12 03:18:33,0.5238095238095238,2,0,5.024836540222168,21.0,lstm
2025-04-12 03:18:33,0.45,1,0,0.0,20.0,lstm
2025-04-12 03:18:33,0.5789473684210527,2,0,0.0,19.0,lstm
2025-04-12 03:18:33,0.7222222222222222,2,0,0.0,18.0,lstm
2025-04-12 03:18:33,0.8823529411764706,2,0,0.0,17.0,lstm
2025-04-12 03:18:33,1.0,2,0,5.024836540222168,17.0,lstm
2025-04-12 03:18:34,1.1176470588235294,2,0,0.0,17.0,lstm
2025-04-12 03:18:34,1.2352941176470589,2,0,0.0,17.0,lstm
2025-04-12 03:18:34,1.3529411764705883,2,0,0.0,17.0,lstm
2025-04-12 03:18:34,1.5294117647058822,3,0,0.0,17.0,lstm
2025-04-12 03:18:34,1.875,4,0,5.024836540222168,16.0,lstm
2025-04-12 03:18:34,2.125,4,0,0.0,16.0,lstm
2025-04-12 03:18:34,2.375,5,0,0.0,16.0,lstm
2025-04-12 03:18:34,2.8,4,0,0.0,15.0,lstm
2025-04-12 03:18:34,2.875,5,0,0.0,16.0,lstm
2025-04-12 03:18:34,3.125,4,0,5.024836540222168,16.0,lstm
2025-04-12 03:18:34,3.375,4,0,0.0,16.0,lstm
2025-04-12 03:18:34,3.411764705882353,5,0,0.0,17.0,lstm
2025-04-12 03:18:34,3.875,4,0,0.0,16.0,lstm
2025-04-12 03:18:34,4.125,4,0,0.0,16.0,lstm
2025-04-12 03:18:34,4.375,4,0,5.024836540222168,16.0,lstm
2025-04-12 03:18:34,4.625,4,0,0.0,16.0,lstm
2025-04-12 03:18:34,4.875,4,0,0.0,16.0,lstm
2025-04-12 03:18:34,5.125,4,0,0.0,16.0,lstm
2025-04-12 03:18:34,5.375,5,0,0.0,16.0,lstm
2025-04-12 03:18:34,5.625,4,0,5.024836540222168,16.0,lstm
2025-04-12 03:18:34,5.875,4,0,0.0,16.0,lstm
2025-04-12 03:18:34,5.764705882352941,5,0,0.0,17.0,lstm
2025-04-12 03:18:34,6.0,5,0,0.0,17.0,lstm
2025-04-12 03:18:34,6.625,4,0,0.0,16.0,lstm
2025-04-12 03:18:34,6.470588235294118,5,0,5.024836540222168,17.0,lstm
2025-04-12 03:18:34,6.705882352941177,4,0,0.0,17.0,lstm
2025-04-12 03:18:34,7.375,4,0,0.0,16.0,lstm
2025-04-12 03:18:34,7.625,4,0,0.0,16.0,lstm
2025-04-12 03:18:34,7.411764705882353,5,0,0.0,17.0,lstm
2025-04-12 03:18:34,7.222222222222222,5,0,5.024836540222168,18.0,lstm
2025-04-12 03:18:35,7.444444444444445,4,0,0.0,18.0,lstm
2025-04-12 03:18:35,7.666666666666667,4,0,0.0,18.0,lstm
2025-04-12 03:18:35,7.888888888888889,5,0,0.0,18.0,lstm
2025-04-12 03:18:35,8.11111111111111,4,0,0.0,18.0,lstm
2025-04-12 03:18:35,8.823529411764707,4,0,5.024836540222168,17.0,lstm
2025-04-12 03:18:35,9.117647058823529,5,0,0.0,17.0,lstm
2025-04-12 03:18:35,9.411764705882353,5,0,0.0,17.0,lstm
2025-04-12 03:18:35,9.705882352941176,5,0,0.0,17.0,lstm
2025-04-12 03:18:35,10.0,5,0,0.0,17.0,lstm
2025-04-12 03:18:35,10.294117647058824,5,0,5.586711168289185,17.0,lstm
2025-04-12 03:18:40,12.0,5,0,0.0,15.0,lstm
2025-04-12 03:18:40,12.333333333333334,5,0,0.0,15.0,lstm
2025-04-12 03:18:40,12.666666666666666,5,0,0.0,15.0,lstm
2025-04-12 03:18:40,13.0,5,0,0.0,15.0,lstm
2025-04-12 03:18:40,14.285714285714286,5,0,5.586711168289185,14.0,lstm
2025-04-12 03:18:41,14.714285714285714,6,0,0.0,14.0,lstm
2025-04-12 03:18:41,14.2,8,0,0.0,15.0,lstm
2025-04-12 03:18:41,14.666666666666666,7,0,0.0,15.0,lstm
2025-04-12 03:18:41,12.066666666666666,6,0,0.0,15.0,lstm
2025-04-12 03:18:41,9.4,5,0,5.586711168289185,15.0,lstm
2025-04-12 03:18:41,9.733333333333333,5,0,0.0,15.0,lstm
2025-04-12 03:18:41,10.066666666666666,5,0,0.0,15.0,lstm
2025-04-12 03:18:41,10.4,5,0,0.0,15.0,lstm
2025-04-12 03:18:41,10.733333333333333,6,0,0.0,15.0,lstm
2025-04-12 03:18:41,11.066666666666666,5,0,5.586711168289185,15.0,lstm
2025-04-12 03:18:41,11.4,5,0,0.0,15.0,lstm
2025-04-12 03:18:41,11.733333333333333,5,0,0.0,15.0,lstm
2025-04-12 03:18:41,12.066666666666666,5,0,0.0,15.0,lstm
2025-04-12 03:18:41,12.4,5,0,0.0,15.0,lstm
2025-04-12 03:18:41,12.733333333333333,5,0,5.586711168289185,15.0,lstm
2025-04-12 03:18:41,12.25,6,0,0.0,16.0,lstm
2025-04-12 03:18:41,12.625,6,0,0.0,16.0,lstm
2025-04-12 03:18:41,13.0,7,0,0.0,16.0,lstm
2025-04-12 03:18:41,13.375,6,0,0.0,16.0,lstm
2025-04-12 03:18:41,13.75,6,0,5.586711168289185,16.0,lstm
2025-04-12 03:18:41,14.125,6,0,0.0,16.0,lstm
2025-04-12 03:18:41,9.470588235294118,6,0,0.0,17.0,lstm
2025-04-12 03:18:41,7.823529411764706,4,0,0.0,17.0,lstm
2025-04-12 03:18:41,8.058823529411764,4,0,0.0,17.0,lstm
2025-04-12 03:18:41,8.294117647058824,4,0,5.586711168289185,17.0,lstm
2025-04-12 03:18:41,8.529411764705882,4,0,0.0,17.0,lstm
2025-04-12 03:18:41,8.764705882352942,4,0,0.0,17.0,lstm
2025-04-12 03:18:41,8.555555555555555,6,0,0.0,18.0,lstm
2025-04-12 03:18:41,8.833333333333334,5,0,0.0,18.0,lstm
2025-04-12 03:18:41,9.11111111111111,6,0,5.586711168289185,18.0,lstm
2025-04-12 03:18:41,8.894736842105264,6,0,0.0,19.0,lstm
2025-04-12 03:18:41,9.157894736842104,5,0,0.0,19.0,lstm
2025-04-12 03:18:41,9.944444444444445,5,0,0.0,18.0,lstm
2025-04-12 03:18:41,10.222222222222221,5,0,0.0,18.0,lstm
2025-04-12 03:18:42,10.555555555555555,6,0,5.586711168289185,18.0,lstm
2025-04-12 03:18:42,10.88888888888889,6,0,0.0,18.0,lstm
2025-04-12 03:18:42,11.705882352941176,5,0,0.0,17.0,lstm
2025-04-12 03:18:42,12.0,5,0,0.0,17.0,lstm
2025-04-12 03:18:42,12.294117647058824,5,0,0.0,17.0,lstm
2025-04-12 03:18:42,13.375,5,0,5.586711168289185,16.0,lstm
2025-04-12 03:18:42,7.5,4,0,0.0,16.0,lstm
2025-04-12 03:18:42,7.75,4,0,0.0,16.0,lstm
2025-04-12 03:18:42,8.0,5,0,0.0,16.0,lstm
2025-04-12 03:18:42,8.8,4,0,0.0,15.0,lstm
2025-04-12 03:18:42,9.066666666666666,4,0,5.586711168289185,15.0,lstm
2025-04-12 03:18:42,8.75,5,0,0.0,16.0,lstm
2025-04-12 03:18:42,9.0,4,0,0.0,16.0,lstm
2025-04-12 03:18:42,9.25,4,0,0.0,16.0,lstm
2025-04-12 03:18:42,8.941176470588236,5,0,0.0,17.0,lstm
2025-04-12 03:18:42,9.235294117647058,5,0,5.586711168289185,17.0,lstm
2025-04-12 03:18:42,9.529411764705882,5,0,0.0,17.0,lstm
2025-04-12 03:18:42,9.823529411764707,5,0,0.0,17.0,lstm
2025-04-12 03:18:42,10.117647058823529,5,0,0.0,17.0,lstm
2025-04-12 03:18:42,9.31578947368421,7,0,0.0,19.0,lstm
2025-04-12 03:18:42,9.578947368421053,5,0,5.586711168289185,19.0,lstm
2025-04-12 03:18:42,9.842105263157896,5,0,0.0,19.0,lstm
2025-04-12 03:18:42,9.6,6,0,0.0,20.0,lstm
2025-04-12 03:18:42,10.368421052631579,5,0,0.0,19.0,lstm
2025-04-12 03:18:42,10.631578947368421,5,0,0.0,19.0,lstm
2025-04-12 03:18:42,7.7368421052631575,4,0,5.586711168289185,19.0,lstm
2025-04-12 03:18:42,5.578947368421052,3,0,0.0,19.0,lstm
2025-04-12 03:18:42,4.8,3,0,0.0,20.0,lstm
2025-04-12 03:18:42,4.9,2,0,0.0,20.0,lstm
2025-04-12 03:18:42,5.0,2,0,0.0,20.0,lstm
2025-04-12 03:18:42,5.1,2,0,5.586711168289185,20.0,lstm
2025-04-12 03:18:43,5.2,3,0,0.0,20.0,lstm
2025-04-12 03:18:43,5.35,3,0,0.0,20.0,lstm
2025-04-12 03:18:43,5.7894736842105265,3,0,0.0,19.0,lstm
2025-04-12 03:18:43,5.947368421052632,3,0,0.0,19.0,lstm
2025-04-12 03:18:43,6.105263157894737,3,0,5.586711168289185,19.0,lstm
2025-04-12 03:18:43,6.2631578947368425,3,0,0.0,19.0,lstm
2025-04-12 03:18:43,6.421052631578948,3,0,0.0,19.0,lstm
2025-04-12 03:18:43,6.578947368421052,3,0,0.0,19.0,lstm
2025-04-12 03:18:43,6.4,4,0,0.0,20.0,lstm
2025-04-12 03:18:43,6.55,3,0,5.586711168289185,20.0,lstm
2025-04-12 03:18:43,6.7,3,0,0.0,20.0,lstm
2025-04-12 03:18:43,6.571428571428571,5,0,0.0,21.0,lstm
2025-04-12 03:18:43,7.1,5,0,0.0,20.0,lstm
2025-04-12 03:18:43,3.4,3,0,0.0,20.0,lstm
2025-04-12 03:18:43,3.0,2,0,5.586711168289185,19.0,lstm
2025-04-12 03:18:43,3.1052631578947367,2,0,0.0,19.0,lstm
2025-04-12 03:18:43,3.263157894736842,3,0,0.0,19.0,lstm
2025-04-12 03:18:43,3.611111111111111,3,0,0.0,18.0,lstm
2025-04-12 03:18:43,3.7777777777777777,3,0,0.0,18.0,lstm
2025-04-12 03:18:43,4.0,4,0,5.586711168289185,18.0,lstm
2025-04-12 03:18:43,4.75,4,0,0.0,16.0,lstm
2025-04-12 03:18:43,5.0625,5,0,0.0,16.0,lstm
2025-04-12 03:18:43,5.0588235294117645,6,0,0.0,17.0,lstm
2025-04-12 03:18:43,5.352941176470588,5,0,0.0,17.0,lstm
2025-04-12 03:18:43,5.647058823529412,5,0,5.586711168289185,17.0,lstm
2025-04-12 03:18:43,5.9411764705882355,5,0,0.0,17.0,lstm
2025-04-12 03:18:43,6.6875,7,0,0.0,16.0,lstm
2025-04-12 03:18:43,7.0625,6,0,0.0,16.0,lstm
2025-04-12 03:18:43,7.5,7,0,0.0,16.0,lstm
2025-04-12 03:18:43,7.470588235294118,8,0,16.37219786643982,17.0,lstm
2025-04-12 03:18:49,7.882352941176471,7,0,0.0,17.0,lstm
2025-04-12 03:18:49,8.294117647058824,7,0,0.0,17.0,lstm
2025-04-12 03:18:49,8.705882352941176,7,0,0.0,17.0,lstm
2025-04-12 03:18:49,9.176470588235293,8,0,0.0,17.0,lstm
2025-04-12 03:18:49,10.25,8,0,16.676676988601685,16.0,lstm
2025-04-12 03:18:50,10.75,8,0,0.0,16.0,lstm
2025-04-12 03:18:50,12.066666666666666,9,0,0.0,15.0,lstm
2025-04-12 03:18:50,12.666666666666666,9,0,0.0,15.0,lstm
2025-04-12 03:18:50,13.266666666666667,9,0,0.0,15.0,lstm
2025-04-12 03:18:50,13.866666666666667,9,0,15.324236631393433,15.0,lstm
2025-04-12 03:18:50,14.466666666666667,9,0,0.0,15.0,lstm
2025-04-12 03:18:50,15.066666666666666,9,0,0.0,15.0,lstm
2025-04-12 03:18:50,15.666666666666666,9,0,0.0,15.0,lstm
2025-04-12 03:18:50,16.266666666666666,9,0,0.0,15.0,lstm
2025-04-12 03:18:50,16.866666666666667,9,0,15.052136182785034,15.0,lstm
2025-04-12 03:18:50,17.466666666666665,9,0,0.0,15.0,lstm
2025-04-12 03:18:50,19.357142857142858,9,0,0.0,14.0,lstm
2025-04-12 03:18:50,20.0,9,0,0.0,14.0,lstm
2025-04-12 03:18:50,14.5,9,0,0.0,14.0,lstm
2025-04-12 03:18:50,12.357142857142858,8,0,14.257424116134644,14.0,lstm
2025-04-12 03:18:50,12.928571428571429,8,0,0.0,14.0,lstm
2025-04-12 03:18:50,12.6,9,0,0.0,15.0,lstm
2025-04-12 03:18:50,14.071428571428571,8,0,0.0,14.0,lstm
2025-04-12 03:18:50,14.714285714285714,9,0,0.0,14.0,lstm
2025-04-12 03:18:50,15.357142857142858,9,0,14.256191492080688,14.0,lstm
2025-04-12 03:18:50,16.0,9,0,0.0,14.0,lstm
2025-04-12 03:18:50,16.714285714285715,10,0,0.0,14.0,lstm
2025-04-12 03:18:50,17.428571428571427,10,0,0.0,14.0,lstm
2025-04-12 03:18:50,18.142857142857142,10,0,0.0,14.0,lstm
2025-04-12 03:18:50,20.307692307692307,10,0,13.889357328414917,13.0,lstm
2025-04-12 03:18:50,21.076923076923077,10,0,0.0,13.0,lstm
2025-04-12 03:18:50,21.846153846153847,10,0,0.0,13.0,lstm
2025-04-12 03:18:50,22.615384615384617,10,0,0.0,13.0,lstm
2025-04-12 03:18:50,23.384615384615383,10,0,0.0,13.0,lstm
2025-04-12 03:18:50,24.153846153846153,10,0,13.178450584411621,13.0,lstm
2025-04-12 03:18:50,24.923076923076923,10,0,0.0,13.0,lstm
2025-04-12 03:18:51,25.692307692307693,10,0,0.0,13.0,lstm
2025-04-12 03:18:51,26.46153846153846,10,0,0.0,13.0,lstm
2025-04-12 03:18:51,26.0,9,0,0.0,13.0,lstm
2025-04-12 03:18:51,26.692307692307693,9,0,13.117147207260132,13.0,lstm
2025-04-12 03:18:51,27.384615384615383,9,0,0.0,13.0,lstm
2025-04-12 03:18:51,30.416666666666668,9,0,0.0,12.0,lstm
2025-04-12 03:18:51,31.166666666666668,9,0,0.0,12.0,lstm
2025-04-12 03:18:51,31.916666666666668,9,0,0.0,12.0,lstm
2025-04-12 03:18:51,32.666666666666664,9,0,12.379607915878296,12.0,lstm
2025-04-12 03:18:51,33.416666666666664,9,0,0.0,12.0,lstm
2025-04-12 03:18:51,34.166666666666664,9,0,0.0,12.0,lstm
2025-04-12 03:18:51,34.916666666666664,9,0,0.0,12.0,lstm
2025-04-12 03:18:51,35.666666666666664,9,0,0.0,12.0,lstm
2025-04-12 03:18:51,36.416666666666664,9,0,12.179576635360718,12.0,lstm
2025-04-12 03:18:51,37.166666666666664,9,0,0.0,12.0,lstm
2025-04-12 03:18:51,37.916666666666664,9,0,0.0,12.0,lstm
2025-04-12 03:18:51,38.666666666666664,9,0,0.0,12.0,lstm
2025-04-12 03:18:51,39.416666666666664,9,0,0.0,12.0,lstm
2025-04-12 03:18:51,43.81818181818182,9,0,11.971354961395264,11.0,lstm
2025-04-12 03:18:51,49.1,9,0,0.0,10.0,lstm
2025-04-12 03:18:51,50.0,9,0,0.0,10.0,lstm
2025-04-12 03:18:51,47.7,8,0,0.0,10.0,lstm
2025-04-12 03:18:51,48.5,8,0,0.0,10.0,lstm
2025-04-12 03:18:51,54.77777777777778,8,0,10.260373771190643,9.0,lstm
2025-04-12 03:18:51,55.666666666666664,8,0,0.0,9.0,lstm
2025-04-12 03:18:51,56.55555555555556,8,0,0.0,9.0,lstm
2025-04-12 03:18:51,57.44444444444444,8,0,0.0,9.0,lstm
2025-04-12 03:18:51,58.333333333333336,8,0,0.0,9.0,lstm
2025-04-12 03:18:51,59.22222222222222,8,0,9.41221171617508,9.0,lstm
2025-04-12 03:18:51,60.111111111111114,8,0,0.0,9.0,lstm
2025-04-12 03:18:51,61.0,8,0,0.0,9.0,lstm
2025-04-12 03:18:51,61.888888888888886,8,0,0.0,9.0,lstm
2025-04-12 03:18:51,62.77777777777778,8,0,0.0,9.0,lstm
2025-04-12 03:18:51,63.666666666666664,8,0,9.393793165683746,9.0,lstm
2025-04-12 03:18:52,64.55555555555556,8,0,0.0,9.0,lstm
2025-04-12 03:18:52,65.44444444444444,8,0,0.0,9.0,lstm
2025-04-12 03:18:52,66.33333333333333,8,0,0.0,9.0,lstm
2025-04-12 03:18:52,67.22222222222223,8,0,0.0,9.0,lstm
2025-04-12 03:18:52,68.11111111111111,8,0,9.393793165683746,9.0,lstm
2025-04-12 03:18:52,69.0,8,0,0.0,9.0,lstm
2025-04-12 03:18:52,59.77777777777778,7,0,0.0,9.0,lstm
2025-04-12 03:18:52,50.666666666666664,6,0,0.0,9.0,lstm
2025-04-12 03:18:52,41.55555555555556,5,0,0.0,9.0,lstm
2025-04-12 03:18:52,32.77777777777778,4,0,9.393793165683746,9.0,lstm
2025-04-12 03:18:52,24.0,3,0,0.0,9.0,lstm
2025-04-12 03:18:52,15.555555555555555,2,0,0.0,9.0,lstm
2025-04-12 03:18:52,15.777777777777779,2,0,0.0,9.0,lstm
2025-04-12 03:18:52,16.0,2,0,0.0,9.0,lstm
2025-04-12 03:18:52,7.444444444444445,1,0,9.393793165683746,9.0,lstm
2025-04-12 03:18:52,7.555555555555555,1,0,0.0,9.0,lstm
2025-04-12 03:18:52,7.666666666666667,1,0,0.0,9.0,lstm
2025-04-12 03:18:52,7.888888888888889,2,0,0.0,9.0,lstm
2025-04-12 03:18:52,9.125,2,0,0.0,8.0,lstm
2025-04-12 03:18:52,9.5,3,0,9.038855791091919,8.0,lstm
2025-04-12 03:18:52,9.875,3,0,0.0,8.0,lstm
2025-04-12 03:18:52,11.714285714285714,3,0,0.0,7.0,lstm
2025-04-12 03:18:52,12.142857142857142,3,0,0.0,7.0,lstm
2025-04-12 03:18:52,12.571428571428571,3,0,0.0,7.0,lstm
2025-04-12 03:18:52,13.0,3,0,7.83301705121994,7.0,lstm
2025-04-12 03:18:52,13.428571428571429,3,0,0.0,7.0,lstm
2025-04-12 03:18:52,13.857142857142858,3,0,0.0,7.0,lstm
2025-04-12 03:18:52,14.285714285714286,3,0,0.0,7.0,lstm
2025-04-12 03:18:52,14.714285714285714,3,0,0.0,7.0,lstm
2025-04-12 03:18:52,15.142857142857142,3,0,7.681480348110199,7.0,lstm
2025-04-12 03:18:59,15.571428571428571,3,0,0.0,7.0,lstm
2025-04-12 03:18:59,16.0,3,0,0.0,7.0,lstm
2025-04-12 03:18:59,16.428571428571427,3,0,0.0,7.0,lstm
2025-04-12 03:18:59,16.857142857142858,3,0,0.0,7.0,lstm
2025-04-12 03:18:59,17.285714285714285,3,0,7.663116216659546,7.0,lstm
2025-04-12 03:18:59,17.714285714285715,3,0,0.0,7.0,lstm
2025-04-12 03:18:59,18.142857142857142,3,0,0.0,7.0,lstm
2025-04-12 03:18:59,18.571428571428573,3,0,0.0,7.0,lstm
2025-04-12 03:18:59,19.0,3,0,0.0,7.0,lstm
2025-04-12 03:18:59,22.666666666666668,3,0,7.586329638957977,6.0,lstm
2025-04-12 03:18:59,23.166666666666668,3,0,0.0,6.0,lstm
2025-04-12 03:18:59,23.666666666666668,3,0,0.0,6.0,lstm
2025-04-12 03:18:59,24.166666666666668,3,0,0.0,6.0,lstm
2025-04-12 03:18:59,29.6,3,0,0.0,5.0,lstm
2025-04-12 03:18:59,30.2,3,0,6.825514078140259,5.0,lstm
2025-04-12 03:18:59,30.8,3,0,0.0,5.0,lstm
2025-04-12 03:18:59,11.6,2,0,0.0,5.0,lstm
2025-04-12 03:18:59,12.0,2,0,0.0,5.0,lstm
2025-04-12 03:18:59,12.4,2,0,0.0,5.0,lstm
2025-04-12 03:18:59,12.8,2,0,6.053579330444336,5.0,lstm
2025-04-12 03:19:00,13.2,2,0,0.0,5.0,lstm
2025-04-12 03:19:00,13.6,2,0,0.0,5.0,lstm
2025-04-12 03:19:00,14.0,2,0,0.0,5.0,lstm
2025-04-12 03:19:00,14.4,2,0,0.0,5.0,lstm
2025-04-12 03:19:00,14.8,2,0,5.9538344740867615,5.0,lstm
2025-04-12 03:19:00,15.2,2,0,0.0,5.0,lstm
2025-04-12 03:19:00,15.6,2,0,0.0,5.0,lstm
2025-04-12 03:19:00,16.0,2,0,0.0,5.0,lstm
2025-04-12 03:19:00,16.4,2,0,0.0,5.0,lstm
2025-04-12 03:19:00,21.0,2,0,5.881748914718628,4.0,lstm
2025-04-12 03:19:00,21.5,2,0,0.0,4.0,lstm
2025-04-12 03:19:00,29.333333333333332,2,0,0.0,3.0,lstm
2025-04-12 03:19:00,14.666666666666666,1,0,0.0,3.0,lstm
2025-04-12 03:19:00,0.0,0,0,0.0,3.0,lstm
2025-04-12 03:19:00,0.0,0,0,4.970513224601746,3.0,lstm
2025-04-12 03:19:00,0.0,0,0,0.0,3.0,lstm
2025-04-12 03:19:00,0.0,0,0,0.0,3.0,lstm
2025-04-12 03:19:00,0.0,0,0,0.0,3.0,lstm
2025-04-12 03:19:00,0.0,0,0,0.0,3.0,lstm
2025-04-12 03:19:00,0.0,0,0,4.265873193740845,3.0,lstm
2025-04-12 03:19:00,0.0,0,0,0.0,3.0,lstm
2025-04-12 03:19:00,0.0,0,0,0.0,3.0,lstm
2025-04-12 03:19:00,0.0,0,0,0.0,3.0,lstm
2025-04-12 03:19:00,0.0,0,0,0.0,3.0,lstm
2025-04-12 03:19:00,0.0,0,0,4.175791323184967,2.0,lstm
2025-04-12 03:19:00,0.0,0,0,0.0,2.0,lstm
2025-04-12 03:19:00,0.0,0,0,0.0,2.0,lstm
2025-04-12 03:19:00,0.0,0,0,0.0,2.0,lstm
2025-04-12 03:19:00,0.0,0,0,0.0,2.0,lstm
2025-04-12 03:19:00,0.0,0,0,3.689463108778,2.0,lstm
2025-04-12 03:19:00,0.0,0,0,0.0,1.0,lstm
2025-04-12 03:19:00,0.0,0,0,0.0,1.0,lstm
2025-04-12 03:19:00,0.0,0,0,0.0,0.001,lstm
